book_id,split_group,source_dataset,dimension_id,gold_best,prediction_original_ra_scope,prediction_all_specialists,prediction_capability_routed,route,capability_status
gdl-8487,gdl-lineage-gdl-1030,global_digital_library,character_demand,1,2,2,2,original_ra_scope_text_route,text_route
gdl-8487,gdl-lineage-gdl-1030,global_digital_library,vocabulary_demand,1,3,3,3,original_ra_scope_text_route,text_route
gdl-8487,gdl-lineage-gdl-1030,global_digital_library,grammar_sentence_demand,2,3,3,3,original_ra_scope_text_route,text_route
gdl-8487,gdl-lineage-gdl-1030,global_digital_library,discourse_demand,3,2,2,2,original_ra_scope_text_route,text_route
gdl-8487,gdl-lineage-gdl-1030,global_digital_library,semantic_content_demand,2,3,3,3,original_ra_scope_text_route,text_route
gdl-8487,gdl-lineage-gdl-1030,global_digital_library,character_plot_demand,2,3,3,3,original_ra_scope_text_route,text_route
gdl-8487,gdl-lineage-gdl-1030,global_digital_library,genre_theme_demand,2,3,3,3,original_ra_scope_text_route,text_route
gdl-8487,gdl-lineage-gdl-1030,global_digital_library,illustration_independence,2,3,3,3,dinov2_visual_layout_ordinal,available
gdl-8487,gdl-lineage-gdl-1030,global_digital_library,pinyin_annotation_reduction,2,1,1,1,pinyin_support_ordinal,available
gdl-8487,gdl-lineage-gdl-1030,global_digital_library,layout_density,4,2,2,2,original_ra_scope_fallback,specialist_abstained
gdl-8493,gdl-lineage-gdl-1023,global_digital_library,character_demand,2,1,1,1,original_ra_scope_text_route,text_route
gdl-8493,gdl-lineage-gdl-1023,global_digital_library,vocabulary_demand,2,2,2,2,original_ra_scope_text_route,text_route
gdl-8493,gdl-lineage-gdl-1023,global_digital_library,grammar_sentence_demand,2,1,1,1,original_ra_scope_text_route,text_route
gdl-8493,gdl-lineage-gdl-1023,global_digital_library,discourse_demand,2,1,1,1,original_ra_scope_text_route,text_route
gdl-8493,gdl-lineage-gdl-1023,global_digital_library,semantic_content_demand,2,1,1,1,original_ra_scope_text_route,text_route
gdl-8493,gdl-lineage-gdl-1023,global_digital_library,character_plot_demand,1,1,1,1,original_ra_scope_text_route,text_route
gdl-8493,gdl-lineage-gdl-1023,global_digital_library,genre_theme_demand,2,1,1,1,original_ra_scope_text_route,text_route
gdl-8493,gdl-lineage-gdl-1023,global_digital_library,illustration_independence,2,2,2,2,dinov2_visual_layout_ordinal,available
gdl-8493,gdl-lineage-gdl-1023,global_digital_library,pinyin_annotation_reduction,1,1,1,1,pinyin_support_ordinal,available
gdl-8493,gdl-lineage-gdl-1023,global_digital_library,layout_density,1,1,2,1,original_ra_scope_fallback,specialist_abstained
gdl-8507,gdl-lineage-gdl-1017,global_digital_library,character_demand,2,3,3,3,original_ra_scope_text_route,text_route
gdl-8507,gdl-lineage-gdl-1017,global_digital_library,vocabulary_demand,1,3,3,3,original_ra_scope_text_route,text_route
gdl-8507,gdl-lineage-gdl-1017,global_digital_library,grammar_sentence_demand,5,3,3,3,original_ra_scope_text_route,text_route
gdl-8507,gdl-lineage-gdl-1017,global_digital_library,discourse_demand,3,3,3,3,original_ra_scope_text_route,text_route
gdl-8507,gdl-lineage-gdl-1017,global_digital_library,semantic_content_demand,2,3,3,3,original_ra_scope_text_route,text_route
gdl-8507,gdl-lineage-gdl-1017,global_digital_library,character_plot_demand,2,2,2,2,original_ra_scope_text_route,text_route
gdl-8507,gdl-lineage-gdl-1017,global_digital_library,genre_theme_demand,2,3,3,3,original_ra_scope_text_route,text_route
gdl-8507,gdl-lineage-gdl-1017,global_digital_library,illustration_independence,2,3,3,3,dinov2_visual_layout_ordinal,available
gdl-8507,gdl-lineage-gdl-1017,global_digital_library,pinyin_annotation_reduction,2,1,1,1,pinyin_support_ordinal,available
gdl-8507,gdl-lineage-gdl-1017,global_digital_library,layout_density,5,2,2,2,original_ra_scope_fallback,specialist_abstained
gdl-8515,gdl-lineage-gdl-1018,global_digital_library,character_demand,2,1,1,1,original_ra_scope_text_route,text_route
gdl-8515,gdl-lineage-gdl-1018,global_digital_library,vocabulary_demand,2,2,2,2,original_ra_scope_text_route,text_route
gdl-8515,gdl-lineage-gdl-1018,global_digital_library,grammar_sentence_demand,2,2,2,2,original_ra_scope_text_route,text_route
gdl-8515,gdl-lineage-gdl-1018,global_digital_library,discourse_demand,2,2,2,2,original_ra_scope_text_route,text_route
gdl-8515,gdl-lineage-gdl-1018,global_digital_library,semantic_content_demand,3,2,2,2,original_ra_scope_text_route,text_route
gdl-8515,gdl-lineage-gdl-1018,global_digital_library,character_plot_demand,3,2,2,2,original_ra_scope_text_route,text_route
gdl-8515,gdl-lineage-gdl-1018,global_digital_library,genre_theme_demand,1,1,1,1,original_ra_scope_text_route,text_route
gdl-8515,gdl-lineage-gdl-1018,global_digital_library,illustration_independence,4,2,2,2,dinov2_visual_layout_ordinal,available
gdl-8515,gdl-lineage-gdl-1018,global_digital_library,pinyin_annotation_reduction,2,1,1,1,pinyin_support_ordinal,available
gdl-8515,gdl-lineage-gdl-1018,global_digital_library,layout_density,5,2,1,2,original_ra_scope_fallback,specialist_abstained
gdl-8521,gdl-lineage-gdl-1032,global_digital_library,character_demand,2,4,4,4,original_ra_scope_text_route,text_route
gdl-8521,gdl-lineage-gdl-1032,global_digital_library,vocabulary_demand,2,4,4,4,original_ra_scope_text_route,text_route
gdl-8521,gdl-lineage-gdl-1032,global_digital_library,grammar_sentence_demand,5,4,4,4,original_ra_scope_text_route,text_route
gdl-8521,gdl-lineage-gdl-1032,global_digital_library,discourse_demand,3,4,4,4,original_ra_scope_text_route,text_route
gdl-8521,gdl-lineage-gdl-1032,global_digital_library,semantic_content_demand,2,4,4,4,original_ra_scope_text_route,text_route
gdl-8521,gdl-lineage-gdl-1032,global_digital_library,character_plot_demand,3,3,3,3,original_ra_scope_text_route,text_route
gdl-8521,gdl-lineage-gdl-1032,global_digital_library,genre_theme_demand,2,4,4,4,original_ra_scope_text_route,text_route
gdl-8521,gdl-lineage-gdl-1032,global_digital_library,illustration_independence,2,4,3,3,dinov2_visual_layout_ordinal,available
gdl-8521,gdl-lineage-gdl-1032,global_digital_library,pinyin_annotation_reduction,2,1,1,1,pinyin_support_ordinal,available
gdl-8521,gdl-lineage-gdl-1032,global_digital_library,layout_density,5,4,3,4,original_ra_scope_fallback,specialist_abstained
gdl-8525,gdl-lineage-gdl-1037,global_digital_library,character_demand,1,1,1,1,original_ra_scope_text_route,text_route
gdl-8525,gdl-lineage-gdl-1037,global_digital_library,vocabulary_demand,1,2,2,2,original_ra_scope_text_route,text_route
gdl-8525,gdl-lineage-gdl-1037,global_digital_library,grammar_sentence_demand,3,2,2,2,original_ra_scope_text_route,text_route
gdl-8525,gdl-lineage-gdl-1037,global_digital_library,discourse_demand,2,1,1,1,original_ra_scope_text_route,text_route
gdl-8525,gdl-lineage-gdl-1037,global_digital_library,semantic_content_demand,3,2,2,2,original_ra_scope_text_route,text_route
gdl-8525,gdl-lineage-gdl-1037,global_digital_library,character_plot_demand,2,1,1,1,original_ra_scope_text_route,text_route
gdl-8525,gdl-lineage-gdl-1037,global_digital_library,genre_theme_demand,2,1,1,1,original_ra_scope_text_route,text_route
gdl-8525,gdl-lineage-gdl-1037,global_digital_library,illustration_independence,1,2,3,3,dinov2_visual_layout_ordinal,available
gdl-8525,gdl-lineage-gdl-1037,global_digital_library,pinyin_annotation_reduction,2,1,1,1,pinyin_support_ordinal,available
gdl-8525,gdl-lineage-gdl-1037,global_digital_library,layout_density,2,2,2,2,original_ra_scope_fallback,specialist_abstained
gdl-8531,gdl-lineage-gdl-101,global_digital_library,character_demand,1,1,1,1,original_ra_scope_text_route,text_route
gdl-8531,gdl-lineage-gdl-101,global_digital_library,vocabulary_demand,2,1,1,1,original_ra_scope_text_route,text_route
gdl-8531,gdl-lineage-gdl-101,global_digital_library,grammar_sentence_demand,2,1,1,1,original_ra_scope_text_route,text_route
gdl-8531,gdl-lineage-gdl-101,global_digital_library,discourse_demand,2,1,1,1,original_ra_scope_text_route,text_route
gdl-8531,gdl-lineage-gdl-101,global_digital_library,semantic_content_demand,3,1,1,1,original_ra_scope_text_route,text_route
gdl-8531,gdl-lineage-gdl-101,global_digital_library,character_plot_demand,2,1,1,1,original_ra_scope_text_route,text_route
gdl-8531,gdl-lineage-gdl-101,global_digital_library,genre_theme_demand,1,1,1,1,original_ra_scope_text_route,text_route
gdl-8531,gdl-lineage-gdl-101,global_digital_library,illustration_independence,2,2,2,2,dinov2_visual_layout_ordinal,available
gdl-8531,gdl-lineage-gdl-101,global_digital_library,pinyin_annotation_reduction,2,1,1,1,pinyin_support_ordinal,available
gdl-8531,gdl-lineage-gdl-101,global_digital_library,layout_density,2,1,1,1,original_ra_scope_fallback,specialist_abstained
gdl-8533,gdl-lineage-gdl-1026,global_digital_library,character_demand,2,2,2,2,original_ra_scope_text_route,text_route
gdl-8533,gdl-lineage-gdl-1026,global_digital_library,vocabulary_demand,2,3,3,3,original_ra_scope_text_route,text_route
gdl-8533,gdl-lineage-gdl-1026,global_digital_library,grammar_sentence_demand,2,3,3,3,original_ra_scope_text_route,text_route
gdl-8533,gdl-lineage-gdl-1026,global_digital_library,discourse_demand,2,3,3,3,original_ra_scope_text_route,text_route
gdl-8533,gdl-lineage-gdl-1026,global_digital_library,semantic_content_demand,2,3,3,3,original_ra_scope_text_route,text_route
gdl-8533,gdl-lineage-gdl-1026,global_digital_library,character_plot_demand,2,3,3,3,original_ra_scope_text_route,text_route
gdl-8533,gdl-lineage-gdl-1026,global_digital_library,genre_theme_demand,2,3,3,3,original_ra_scope_text_route,text_route
gdl-8533,gdl-lineage-gdl-1026,global_digital_library,illustration_independence,2,3,3,3,dinov2_visual_layout_ordinal,available
gdl-8533,gdl-lineage-gdl-1026,global_digital_library,pinyin_annotation_reduction,2,1,1,1,pinyin_support_ordinal,available
gdl-8533,gdl-lineage-gdl-1026,global_digital_library,layout_density,2,2,2,2,original_ra_scope_fallback,specialist_abstained
global-asp-0002,asp-story-0002,global_asp,character_demand,1,2,2,2,original_ra_scope_text_route,text_route
global-asp-0002,asp-story-0002,global_asp,vocabulary_demand,1,2,2,2,original_ra_scope_text_route,text_route
global-asp-0002,asp-story-0002,global_asp,grammar_sentence_demand,1,2,2,2,original_ra_scope_text_route,text_route
global-asp-0002,asp-story-0002,global_asp,discourse_demand,1,2,2,2,original_ra_scope_text_route,text_route
global-asp-0002,asp-story-0002,global_asp,semantic_content_demand,1,2,2,2,original_ra_scope_text_route,text_route
global-asp-0002,asp-story-0002,global_asp,character_plot_demand,1,2,2,2,original_ra_scope_text_route,text_route
global-asp-0002,asp-story-0002,global_asp,genre_theme_demand,1,2,2,2,original_ra_scope_text_route,text_route
global-asp-0002,asp-story-0002,global_asp,illustration_independence,2,3,2,2,dinov2_visual_layout_ordinal,available
global-asp-0002,asp-story-0002,global_asp,pinyin_annotation_reduction,6,1,6,6,pinyin_support_ordinal,available
global-asp-0002,asp-story-0002,global_asp,layout_density,1,2,1,2,original_ra_scope_fallback,specialist_abstained
global-asp-0049,asp-story-0049,global_asp,character_demand,3,1,1,1,original_ra_scope_text_route,text_route
global-asp-0049,asp-story-0049,global_asp,vocabulary_demand,1,1,1,1,original_ra_scope_text_route,text_route
global-asp-0049,asp-story-0049,global_asp,grammar_sentence_demand,1,1,1,1,original_ra_scope_text_route,text_route
global-asp-0049,asp-story-0049,global_asp,discourse_demand,1,1,1,1,original_ra_scope_text_route,text_route
global-asp-0049,asp-story-0049,global_asp,semantic_content_demand,1,1,1,1,original_ra_scope_text_route,text_route
global-asp-0049,asp-story-0049,global_asp,character_plot_demand,1,2,2,2,original_ra_scope_text_route,text_route
global-asp-0049,asp-story-0049,global_asp,genre_theme_demand,1,1,1,1,original_ra_scope_text_route,text_route
global-asp-0049,asp-story-0049,global_asp,illustration_independence,1,2,2,2,dinov2_visual_layout_ordinal,available
global-asp-0049,asp-story-0049,global_asp,pinyin_annotation_reduction,6,6,6,6,pinyin_support_ordinal,available
global-asp-0049,asp-story-0049,global_asp,layout_density,1,2,1,2,original_ra_scope_fallback,specialist_abstained
global-asp-0064,asp-story-0064,global_asp,character_demand,2,2,2,2,original_ra_scope_text_route,text_route
global-asp-0064,asp-story-0064,global_asp,vocabulary_demand,1,2,2,2,original_ra_scope_text_route,text_route
global-asp-0064,asp-story-0064,global_asp,grammar_sentence_demand,2,2,2,2,original_ra_scope_text_route,text_route
global-asp-0064,asp-story-0064,global_asp,discourse_demand,1,2,2,2,original_ra_scope_text_route,text_route
global-asp-0064,asp-story-0064,global_asp,semantic_content_demand,1,2,2,2,original_ra_scope_text_route,text_route
global-asp-0064,asp-story-0064,global_asp,character_plot_demand,2,2,2,2,original_ra_scope_text_route,text_route
global-asp-0064,asp-story-0064,global_asp,genre_theme_demand,1,2,2,2,original_ra_scope_text_route,text_route
global-asp-0064,asp-story-0064,global_asp,illustration_independence,1,3,2,2,dinov2_visual_layout_ordinal,available
global-asp-0064,asp-story-0064,global_asp,pinyin_annotation_reduction,6,1,6,6,pinyin_support_ordinal,available
global-asp-0064,asp-story-0064,global_asp,layout_density,2,2,1,2,original_ra_scope_fallback,specialist_abstained
global-asp-0067,asp-story-0067,global_asp,character_demand,2,1,1,1,original_ra_scope_text_route,text_route
global-asp-0067,asp-story-0067,global_asp,vocabulary_demand,2,1,1,1,original_ra_scope_text_route,text_route
global-asp-0067,asp-story-0067,global_asp,grammar_sentence_demand,4,1,1,1,original_ra_scope_text_route,text_route
global-asp-0067,asp-story-0067,global_asp,discourse_demand,1,1,1,1,original_ra_scope_text_route,text_route
global-asp-0067,asp-story-0067,global_asp,semantic_content_demand,1,1,1,1,original_ra_scope_text_route,text_route
global-asp-0067,asp-story-0067,global_asp,character_plot_demand,1,1,1,1,original_ra_scope_text_route,text_route
global-asp-0067,asp-story-0067,global_asp,genre_theme_demand,1,1,1,1,original_ra_scope_text_route,text_route
global-asp-0067,asp-story-0067,global_asp,illustration_independence,1,2,2,2,dinov2_visual_layout_ordinal,available
global-asp-0067,asp-story-0067,global_asp,pinyin_annotation_reduction,6,1,6,6,pinyin_support_ordinal,available
global-asp-0067,asp-story-0067,global_asp,layout_density,1,1,1,1,original_ra_scope_fallback,specialist_abstained
global-asp-0089,asp-story-0089,global_asp,character_demand,2,3,3,3,original_ra_scope_text_route,text_route
global-asp-0089,asp-story-0089,global_asp,vocabulary_demand,2,3,3,3,original_ra_scope_text_route,text_route
global-asp-0089,asp-story-0089,global_asp,grammar_sentence_demand,6,3,3,3,original_ra_scope_text_route,text_route
global-asp-0089,asp-story-0089,global_asp,discourse_demand,3,3,3,3,original_ra_scope_text_route,text_route
global-asp-0089,asp-story-0089,global_asp,semantic_content_demand,2,3,3,3,original_ra_scope_text_route,text_route
global-asp-0089,asp-story-0089,global_asp,character_plot_demand,2,3,3,3,original_ra_scope_text_route,text_route
global-asp-0089,asp-story-0089,global_asp,genre_theme_demand,2,4,4,4,original_ra_scope_text_route,text_route
global-asp-0089,asp-story-0089,global_asp,illustration_independence,2,3,3,3,dinov2_visual_layout_ordinal,available
global-asp-0089,asp-story-0089,global_asp,pinyin_annotation_reduction,5,6,6,6,pinyin_support_ordinal,available
global-asp-0089,asp-story-0089,global_asp,layout_density,5,3,3,3,original_ra_scope_fallback,specialist_abstained
global-asp-0095,asp-story-0095,global_asp,character_demand,2,2,2,2,original_ra_scope_text_route,text_route
global-asp-0095,asp-story-0095,global_asp,vocabulary_demand,2,2,2,2,original_ra_scope_text_route,text_route
global-asp-0095,asp-story-0095,global_asp,grammar_sentence_demand,2,2,2,2,original_ra_scope_text_route,text_route
global-asp-0095,asp-story-0095,global_asp,discourse_demand,2,2,2,2,original_ra_scope_text_route,text_route
global-asp-0095,asp-story-0095,global_asp,semantic_content_demand,3,2,2,2,original_ra_scope_text_route,text_route
global-asp-0095,asp-story-0095,global_asp,character_plot_demand,3,2,2,2,original_ra_scope_text_route,text_route
global-asp-0095,asp-story-0095,global_asp,genre_theme_demand,2,1,1,1,original_ra_scope_text_route,text_route
global-asp-0095,asp-story-0095,global_asp,illustration_independence,2,3,2,2,dinov2_visual_layout_ordinal,available
global-asp-0095,asp-story-0095,global_asp,pinyin_annotation_reduction,6,6,6,6,pinyin_support_ordinal,available
global-asp-0095,asp-story-0095,global_asp,layout_density,3,2,2,2,original_ra_scope_fallback,specialist_abstained
global-asp-0112,asp-story-0112,global_asp,character_demand,1,1,1,1,original_ra_scope_text_route,text_route
global-asp-0112,asp-story-0112,global_asp,vocabulary_demand,1,1,1,1,original_ra_scope_text_route,text_route
global-asp-0112,asp-story-0112,global_asp,grammar_sentence_demand,1,1,1,1,original_ra_scope_text_route,text_route
global-asp-0112,asp-story-0112,global_asp,discourse_demand,1,1,1,1,original_ra_scope_text_route,text_route
global-asp-0112,asp-story-0112,global_asp,semantic_content_demand,1,1,1,1,original_ra_scope_text_route,text_route
global-asp-0112,asp-story-0112,global_asp,character_plot_demand,1,1,1,1,original_ra_scope_text_route,text_route
global-asp-0112,asp-story-0112,global_asp,genre_theme_demand,1,1,1,1,original_ra_scope_text_route,text_route
global-asp-0112,asp-story-0112,global_asp,illustration_independence,1,2,2,2,dinov2_visual_layout_ordinal,available
global-asp-0112,asp-story-0112,global_asp,pinyin_annotation_reduction,6,6,6,6,pinyin_support_ordinal,available
global-asp-0112,asp-story-0112,global_asp,layout_density,1,1,1,1,original_ra_scope_fallback,specialist_abstained
global-asp-0123,asp-story-0123,global_asp,character_demand,2,1,1,1,original_ra_scope_text_route,text_route
global-asp-0123,asp-story-0123,global_asp,vocabulary_demand,2,1,1,1,original_ra_scope_text_route,text_route
global-asp-0123,asp-story-0123,global_asp,grammar_sentence_demand,1,1,1,1,original_ra_scope_text_route,text_route
global-asp-0123,asp-story-0123,global_asp,discourse_demand,1,1,1,1,original_ra_scope_text_route,text_route
global-asp-0123,asp-story-0123,global_asp,semantic_content_demand,3,1,1,1,original_ra_scope_text_route,text_route
global-asp-0123,asp-story-0123,global_asp,character_plot_demand,1,1,1,1,original_ra_scope_text_route,text_route
global-asp-0123,asp-story-0123,global_asp,genre_theme_demand,1,1,1,1,original_ra_scope_text_route,text_route
global-asp-0123,asp-story-0123,global_asp,illustration_independence,2,2,2,2,dinov2_visual_layout_ordinal,available
global-asp-0123,asp-story-0123,global_asp,pinyin_annotation_reduction,6,1,6,6,pinyin_support_ordinal,available
global-asp-0123,asp-story-0123,global_asp,layout_density,1,1,1,1,original_ra_scope_fallback,specialist_abstained
global-asp-0126,asp-story-0126,global_asp,character_demand,1,1,1,1,original_ra_scope_text_route,text_route
global-asp-0126,asp-story-0126,global_asp,vocabulary_demand,2,2,2,2,original_ra_scope_text_route,text_route
global-asp-0126,asp-story-0126,global_asp,grammar_sentence_demand,3,1,1,1,original_ra_scope_text_route,text_route
global-asp-0126,asp-story-0126,global_asp,discourse_demand,1,1,1,1,original_ra_scope_text_route,text_route
global-asp-0126,asp-story-0126,global_asp,semantic_content_demand,1,1,1,1,original_ra_scope_text_route,text_route
global-asp-0126,asp-story-0126,global_asp,character_plot_demand,1,2,2,2,original_ra_scope_text_route,text_route
global-asp-0126,asp-story-0126,global_asp,genre_theme_demand,1,1,1,1,original_ra_scope_text_route,text_route
global-asp-0126,asp-story-0126,global_asp,illustration_independence,3,2,3,3,dinov2_visual_layout_ordinal,available
global-asp-0126,asp-story-0126,global_asp,pinyin_annotation_reduction,6,1,6,6,pinyin_support_ordinal,available
global-asp-0126,asp-story-0126,global_asp,layout_density,1,2,2,2,original_ra_scope_fallback,specialist_abstained
global-asp-0127,asp-story-0127,global_asp,character_demand,1,1,1,1,original_ra_scope_text_route,text_route
global-asp-0127,asp-story-0127,global_asp,vocabulary_demand,1,1,1,1,original_ra_scope_text_route,text_route
global-asp-0127,asp-story-0127,global_asp,grammar_sentence_demand,1,1,1,1,original_ra_scope_text_route,text_route
global-asp-0127,asp-story-0127,global_asp,discourse_demand,1,1,1,1,original_ra_scope_text_route,text_route
global-asp-0127,asp-story-0127,global_asp,semantic_content_demand,1,1,1,1,original_ra_scope_text_route,text_route
global-asp-0127,asp-story-0127,global_asp,character_plot_demand,1,1,1,1,original_ra_scope_text_route,text_route
global-asp-0127,asp-story-0127,global_asp,genre_theme_demand,1,1,1,1,original_ra_scope_text_route,text_route
global-asp-0127,asp-story-0127,global_asp,illustration_independence,1,2,2,2,dinov2_visual_layout_ordinal,available
global-asp-0127,asp-story-0127,global_asp,pinyin_annotation_reduction,6,6,6,6,pinyin_support_ordinal,available
global-asp-0127,asp-story-0127,global_asp,layout_density,1,1,1,1,original_ra_scope_fallback,specialist_abstained
global-asp-0129,asp-story-0129,global_asp,character_demand,2,1,1,1,original_ra_scope_text_route,text_route
global-asp-0129,asp-story-0129,global_asp,vocabulary_demand,2,1,1,1,original_ra_scope_text_route,text_route
global-asp-0129,asp-story-0129,global_asp,grammar_sentence_demand,1,1,1,1,original_ra_scope_text_route,text_route
global-asp-0129,asp-story-0129,global_asp,discourse_demand,1,1,1,1,original_ra_scope_text_route,text_route
global-asp-0129,asp-story-0129,global_asp,semantic_content_demand,1,1,1,1,original_ra_scope_text_route,text_route
global-asp-0129,asp-story-0129,global_asp,character_plot_demand,1,1,1,1,original_ra_scope_text_route,text_route
global-asp-0129,asp-story-0129,global_asp,genre_theme_demand,1,1,1,1,original_ra_scope_text_route,text_route
global-asp-0129,asp-story-0129,global_asp,illustration_independence,2,2,2,2,dinov2_visual_layout_ordinal,available
global-asp-0129,asp-story-0129,global_asp,pinyin_annotation_reduction,6,1,6,6,pinyin_support_ordinal,available
global-asp-0129,asp-story-0129,global_asp,layout_density,1,1,1,1,original_ra_scope_fallback,specialist_abstained
global-asp-0147,asp-story-0147,global_asp,character_demand,2,1,1,1,original_ra_scope_text_route,text_route
global-asp-0147,asp-story-0147,global_asp,vocabulary_demand,2,1,1,1,original_ra_scope_text_route,text_route
global-asp-0147,asp-story-0147,global_asp,grammar_sentence_demand,5,1,1,1,original_ra_scope_text_route,text_route
global-asp-0147,asp-story-0147,global_asp,discourse_demand,2,1,1,1,original_ra_scope_text_route,text_route
global-asp-0147,asp-story-0147,global_asp,semantic_content_demand,2,1,1,1,original_ra_scope_text_route,text_route
global-asp-0147,asp-story-0147,global_asp,character_plot_demand,2,1,1,1,original_ra_scope_text_route,text_route
global-asp-0147,asp-story-0147,global_asp,genre_theme_demand,2,1,1,1,original_ra_scope_text_route,text_route
global-asp-0147,asp-story-0147,global_asp,illustration_independence,3,2,3,3,dinov2_visual_layout_ordinal,available
global-asp-0147,asp-story-0147,global_asp,pinyin_annotation_reduction,6,6,6,6,pinyin_support_ordinal,available
global-asp-0147,asp-story-0147,global_asp,layout_density,2,1,2,1,original_ra_scope_fallback,specialist_abstained
global-asp-0158,asp-story-0158,global_asp,character_demand,2,4,4,4,original_ra_scope_text_route,text_route
global-asp-0158,asp-story-0158,global_asp,vocabulary_demand,2,4,4,4,original_ra_scope_text_route,text_route
global-asp-0158,asp-story-0158,global_asp,grammar_sentence_demand,6,4,4,4,original_ra_scope_text_route,text_route
global-asp-0158,asp-story-0158,global_asp,discourse_demand,5,4,4,4,original_ra_scope_text_route,text_route
global-asp-0158,asp-story-0158,global_asp,semantic_content_demand,2,4,4,4,original_ra_scope_text_route,text_route
global-asp-0158,asp-story-0158,global_asp,character_plot_demand,5,4,4,4,original_ra_scope_text_route,text_route
global-asp-0158,asp-story-0158,global_asp,genre_theme_demand,3,4,4,4,original_ra_scope_text_route,text_route
global-asp-0158,asp-story-0158,global_asp,illustration_independence,5,4,3,3,dinov2_visual_layout_ordinal,available
global-asp-0158,asp-story-0158,global_asp,pinyin_annotation_reduction,6,6,6,6,pinyin_support_ordinal,available
global-asp-0158,asp-story-0158,global_asp,layout_density,6,4,3,4,original_ra_scope_fallback,specialist_abstained
global-asp-0176,asp-story-0176,global_asp,character_demand,2,2,2,2,original_ra_scope_text_route,text_route
global-asp-0176,asp-story-0176,global_asp,vocabulary_demand,2,2,2,2,original_ra_scope_text_route,text_route
global-asp-0176,asp-story-0176,global_asp,grammar_sentence_demand,1,1,1,1,original_ra_scope_text_route,text_route
global-asp-0176,asp-story-0176,global_asp,discourse_demand,1,1,1,1,original_ra_scope_text_route,text_route
global-asp-0176,asp-story-0176,global_asp,semantic_content_demand,1,1,1,1,original_ra_scope_text_route,text_route
global-asp-0176,asp-story-0176,global_asp,character_plot_demand,1,1,1,1,original_ra_scope_text_route,text_route
global-asp-0176,asp-story-0176,global_asp,genre_theme_demand,1,1,1,1,original_ra_scope_text_route,text_route
global-asp-0176,asp-story-0176,global_asp,illustration_independence,2,3,2,2,dinov2_visual_layout_ordinal,available
global-asp-0176,asp-story-0176,global_asp,pinyin_annotation_reduction,6,1,6,6,pinyin_support_ordinal,available
global-asp-0176,asp-story-0176,global_asp,layout_density,1,1,1,1,original_ra_scope_fallback,specialist_abstained
global-asp-0212,asp-story-0212,global_asp,character_demand,2,1,1,1,original_ra_scope_text_route,text_route
global-asp-0212,asp-story-0212,global_asp,vocabulary_demand,2,1,1,1,original_ra_scope_text_route,text_route
global-asp-0212,asp-story-0212,global_asp,grammar_sentence_demand,3,1,1,1,original_ra_scope_text_route,text_route
global-asp-0212,asp-story-0212,global_asp,discourse_demand,1,1,1,1,original_ra_scope_text_route,text_route
global-asp-0212,asp-story-0212,global_asp,semantic_content_demand,1,1,1,1,original_ra_scope_text_route,text_route
global-asp-0212,asp-story-0212,global_asp,character_plot_demand,1,1,1,1,original_ra_scope_text_route,text_route
global-asp-0212,asp-story-0212,global_asp,genre_theme_demand,1,1,1,1,original_ra_scope_text_route,text_route
global-asp-0212,asp-story-0212,global_asp,illustration_independence,2,2,3,3,dinov2_visual_layout_ordinal,available
global-asp-0212,asp-story-0212,global_asp,pinyin_annotation_reduction,6,1,6,6,pinyin_support_ordinal,available
global-asp-0212,asp-story-0212,global_asp,layout_density,1,2,1,2,original_ra_scope_fallback,specialist_abstained
global-asp-0215,asp-story-0215,global_asp,character_demand,1,1,1,1,original_ra_scope_text_route,text_route
global-asp-0215,asp-story-0215,global_asp,vocabulary_demand,1,1,1,1,original_ra_scope_text_route,text_route
global-asp-0215,asp-story-0215,global_asp,grammar_sentence_demand,1,1,1,1,original_ra_scope_text_route,text_route
global-asp-0215,asp-story-0215,global_asp,discourse_demand,1,1,1,1,original_ra_scope_text_route,text_route
global-asp-0215,asp-story-0215,global_asp,semantic_content_demand,1,1,1,1,original_ra_scope_text_route,text_route
global-asp-0215,asp-story-0215,global_asp,character_plot_demand,1,1,1,1,original_ra_scope_text_route,text_route
global-asp-0215,asp-story-0215,global_asp,genre_theme_demand,1,1,1,1,original_ra_scope_text_route,text_route
global-asp-0215,asp-story-0215,global_asp,illustration_independence,1,2,2,2,dinov2_visual_layout_ordinal,available
global-asp-0215,asp-story-0215,global_asp,pinyin_annotation_reduction,6,1,6,6,pinyin_support_ordinal,available
global-asp-0215,asp-story-0215,global_asp,layout_density,1,1,1,1,original_ra_scope_fallback,specialist_abstained
global-asp-0231,asp-story-0231,global_asp,character_demand,1,1,1,1,original_ra_scope_text_route,text_route
global-asp-0231,asp-story-0231,global_asp,vocabulary_demand,1,1,1,1,original_ra_scope_text_route,text_route
global-asp-0231,asp-story-0231,global_asp,grammar_sentence_demand,1,1,1,1,original_ra_scope_text_route,text_route
global-asp-0231,asp-story-0231,global_asp,discourse_demand,1,1,1,1,original_ra_scope_text_route,text_route
global-asp-0231,asp-story-0231,global_asp,semantic_content_demand,1,1,1,1,original_ra_scope_text_route,text_route
global-asp-0231,asp-story-0231,global_asp,character_plot_demand,1,1,1,1,original_ra_scope_text_route,text_route
global-asp-0231,asp-story-0231,global_asp,genre_theme_demand,1,1,1,1,original_ra_scope_text_route,text_route
global-asp-0231,asp-story-0231,global_asp,illustration_independence,1,2,2,2,dinov2_visual_layout_ordinal,available
global-asp-0231,asp-story-0231,global_asp,pinyin_annotation_reduction,6,6,6,6,pinyin_support_ordinal,available
global-asp-0231,asp-story-0231,global_asp,layout_density,1,1,1,1,original_ra_scope_fallback,specialist_abstained
global-asp-0234,asp-story-0234,global_asp,character_demand,2,3,3,3,original_ra_scope_text_route,text_route
global-asp-0234,asp-story-0234,global_asp,vocabulary_demand,2,4,4,4,original_ra_scope_text_route,text_route
global-asp-0234,asp-story-0234,global_asp,grammar_sentence_demand,3,3,3,3,original_ra_scope_text_route,text_route
global-asp-0234,asp-story-0234,global_asp,discourse_demand,3,4,4,4,original_ra_scope_text_route,text_route
global-asp-0234,asp-story-0234,global_asp,semantic_content_demand,4,4,4,4,original_ra_scope_text_route,text_route
global-asp-0234,asp-story-0234,global_asp,character_plot_demand,3,3,3,3,original_ra_scope_text_route,text_route
global-asp-0234,asp-story-0234,global_asp,genre_theme_demand,3,4,4,4,original_ra_scope_text_route,text_route
global-asp-0234,asp-story-0234,global_asp,illustration_independence,4,3,2,2,dinov2_visual_layout_ordinal,available
global-asp-0234,asp-story-0234,global_asp,pinyin_annotation_reduction,6,6,6,6,pinyin_support_ordinal,available
global-asp-0234,asp-story-0234,global_asp,layout_density,5,3,3,3,original_ra_scope_fallback,specialist_abstained
global-asp-0296,asp-story-0296,global_asp,character_demand,2,3,3,3,original_ra_scope_text_route,text_route
global-asp-0296,asp-story-0296,global_asp,vocabulary_demand,2,4,4,4,original_ra_scope_text_route,text_route
global-asp-0296,asp-story-0296,global_asp,grammar_sentence_demand,5,3,3,3,original_ra_scope_text_route,text_route
global-asp-0296,asp-story-0296,global_asp,discourse_demand,3,4,4,4,original_ra_scope_text_route,text_route
global-asp-0296,asp-story-0296,global_asp,semantic_content_demand,2,4,4,4,original_ra_scope_text_route,text_route
global-asp-0296,asp-story-0296,global_asp,character_plot_demand,3,3,3,3,original_ra_scope_text_route,text_route
global-asp-0296,asp-story-0296,global_asp,genre_theme_demand,2,4,4,4,original_ra_scope_text_route,text_route
global-asp-0296,asp-story-0296,global_asp,illustration_independence,2,3,3,3,dinov2_visual_layout_ordinal,available
global-asp-0296,asp-story-0296,global_asp,pinyin_annotation_reduction,6,6,6,6,pinyin_support_ordinal,available
global-asp-0296,asp-story-0296,global_asp,layout_density,3,3,2,3,original_ra_scope_fallback,specialist_abstained
global-asp-0302,asp-story-0302,global_asp,character_demand,3,2,2,2,original_ra_scope_text_route,text_route
global-asp-0302,asp-story-0302,global_asp,vocabulary_demand,5,3,3,3,original_ra_scope_text_route,text_route
global-asp-0302,asp-story-0302,global_asp,grammar_sentence_demand,1,3,3,3,original_ra_scope_text_route,text_route
global-asp-0302,asp-story-0302,global_asp,discourse_demand,1,1,1,1,original_ra_scope_text_route,text_route
global-asp-0302,asp-story-0302,global_asp,semantic_content_demand,1,3,3,3,original_ra_scope_text_route,text_route
global-asp-0302,asp-story-0302,global_asp,character_plot_demand,1,2,2,2,original_ra_scope_text_route,text_route
global-asp-0302,asp-story-0302,global_asp,genre_theme_demand,1,1,1,1,original_ra_scope_text_route,text_route
global-asp-0302,asp-story-0302,global_asp,illustration_independence,1,3,2,2,dinov2_visual_layout_ordinal,available
global-asp-0302,asp-story-0302,global_asp,pinyin_annotation_reduction,6,6,6,6,pinyin_support_ordinal,available
global-asp-0302,asp-story-0302,global_asp,layout_density,1,2,1,2,original_ra_scope_fallback,specialist_abstained
global-asp-0309,asp-story-0309,global_asp,character_demand,1,1,1,1,original_ra_scope_text_route,text_route
global-asp-0309,asp-story-0309,global_asp,vocabulary_demand,1,1,1,1,original_ra_scope_text_route,text_route
global-asp-0309,asp-story-0309,global_asp,grammar_sentence_demand,1,1,1,1,original_ra_scope_text_route,text_route
global-asp-0309,asp-story-0309,global_asp,discourse_demand,1,1,1,1,original_ra_scope_text_route,text_route
global-asp-0309,asp-story-0309,global_asp,semantic_content_demand,1,1,1,1,original_ra_scope_text_route,text_route
global-asp-0309,asp-story-0309,global_asp,character_plot_demand,1,1,1,1,original_ra_scope_text_route,text_route
global-asp-0309,asp-story-0309,global_asp,genre_theme_demand,1,1,1,1,original_ra_scope_text_route,text_route
global-asp-0309,asp-story-0309,global_asp,illustration_independence,1,2,2,2,dinov2_visual_layout_ordinal,available
global-asp-0309,asp-story-0309,global_asp,pinyin_annotation_reduction,6,1,6,6,pinyin_support_ordinal,available
global-asp-0309,asp-story-0309,global_asp,layout_density,1,1,1,1,original_ra_scope_fallback,specialist_abstained
global-asp-0331,asp-story-0331,global_asp,character_demand,1,1,1,1,original_ra_scope_text_route,text_route
global-asp-0331,asp-story-0331,global_asp,vocabulary_demand,1,1,1,1,original_ra_scope_text_route,text_route
global-asp-0331,asp-story-0331,global_asp,grammar_sentence_demand,3,1,1,1,original_ra_scope_text_route,text_route
global-asp-0331,asp-story-0331,global_asp,discourse_demand,1,1,1,1,original_ra_scope_text_route,text_route
global-asp-0331,asp-story-0331,global_asp,semantic_content_demand,1,1,1,1,original_ra_scope_text_route,text_route
global-asp-0331,asp-story-0331,global_asp,character_plot_demand,1,1,1,1,original_ra_scope_text_route,text_route
global-asp-0331,asp-story-0331,global_asp,genre_theme_demand,1,1,1,1,original_ra_scope_text_route,text_route
global-asp-0331,asp-story-0331,global_asp,illustration_independence,2,2,2,2,dinov2_visual_layout_ordinal,available
global-asp-0331,asp-story-0331,global_asp,pinyin_annotation_reduction,6,1,6,6,pinyin_support_ordinal,available
global-asp-0331,asp-story-0331,global_asp,layout_density,1,1,1,1,original_ra_scope_fallback,specialist_abstained
global-asp-0342,asp-story-0342,global_asp,character_demand,2,2,2,2,original_ra_scope_text_route,text_route
global-asp-0342,asp-story-0342,global_asp,vocabulary_demand,2,3,3,3,original_ra_scope_text_route,text_route
global-asp-0342,asp-story-0342,global_asp,grammar_sentence_demand,4,2,2,2,original_ra_scope_text_route,text_route
global-asp-0342,asp-story-0342,global_asp,discourse_demand,3,3,3,3,original_ra_scope_text_route,text_route
global-asp-0342,asp-story-0342,global_asp,semantic_content_demand,3,3,3,3,original_ra_scope_text_route,text_route
global-asp-0342,asp-story-0342,global_asp,character_plot_demand,4,3,3,3,original_ra_scope_text_route,text_route
global-asp-0342,asp-story-0342,global_asp,genre_theme_demand,2,2,2,2,original_ra_scope_text_route,text_route
global-asp-0342,asp-story-0342,global_asp,illustration_independence,2,3,2,2,dinov2_visual_layout_ordinal,available
global-asp-0342,asp-story-0342,global_asp,pinyin_annotation_reduction,6,1,6,6,pinyin_support_ordinal,available
global-asp-0342,asp-story-0342,global_asp,layout_density,3,2,2,2,original_ra_scope_fallback,specialist_abstained
storyweaver-113528,storyweaver-original-38669,storyweaver,character_demand,2,4,4,4,original_ra_scope_text_route,text_route
storyweaver-113528,storyweaver-original-38669,storyweaver,vocabulary_demand,2,4,4,4,original_ra_scope_text_route,text_route
storyweaver-113528,storyweaver-original-38669,storyweaver,grammar_sentence_demand,4,4,4,4,original_ra_scope_text_route,text_route
storyweaver-113528,storyweaver-original-38669,storyweaver,discourse_demand,3,4,4,4,original_ra_scope_text_route,text_route
storyweaver-113528,storyweaver-original-38669,storyweaver,semantic_content_demand,2,4,4,4,original_ra_scope_text_route,text_route
storyweaver-113528,storyweaver-original-38669,storyweaver,character_plot_demand,3,3,3,3,original_ra_scope_text_route,text_route
storyweaver-113528,storyweaver-original-38669,storyweaver,genre_theme_demand,2,4,4,4,original_ra_scope_text_route,text_route
storyweaver-113528,storyweaver-original-38669,storyweaver,illustration_independence,2,4,3,3,dinov2_visual_layout_ordinal,available
storyweaver-113528,storyweaver-original-38669,storyweaver,pinyin_annotation_reduction,6,6,6,6,pinyin_support_ordinal,available
storyweaver-113528,storyweaver-original-38669,storyweaver,layout_density,3,4,4,4,original_ra_scope_fallback,specialist_abstained
storyweaver-127954,storyweaver-original-127954,storyweaver,character_demand,2,3,3,3,original_ra_scope_text_route,text_route
storyweaver-127954,storyweaver-original-127954,storyweaver,vocabulary_demand,2,3,3,3,original_ra_scope_text_route,text_route
storyweaver-127954,storyweaver-original-127954,storyweaver,grammar_sentence_demand,2,3,3,3,original_ra_scope_text_route,text_route
storyweaver-127954,storyweaver-original-127954,storyweaver,discourse_demand,2,3,3,3,original_ra_scope_text_route,text_route
storyweaver-127954,storyweaver-original-127954,storyweaver,semantic_content_demand,1,3,3,3,original_ra_scope_text_route,text_route
storyweaver-127954,storyweaver-original-127954,storyweaver,character_plot_demand,1,2,2,2,original_ra_scope_text_route,text_route
storyweaver-127954,storyweaver-original-127954,storyweaver,genre_theme_demand,2,4,4,4,original_ra_scope_text_route,text_route
storyweaver-127954,storyweaver-original-127954,storyweaver,illustration_independence,3,3,3,3,dinov2_visual_layout_ordinal,available
storyweaver-127954,storyweaver-original-127954,storyweaver,pinyin_annotation_reduction,2,6,1,1,pinyin_support_ordinal,available
storyweaver-127954,storyweaver-original-127954,storyweaver,layout_density,2,3,1,3,original_ra_scope_fallback,specialist_abstained
storyweaver-134706,storyweaver-original-114216,storyweaver,character_demand,2,4,4,4,original_ra_scope_text_route,text_route
storyweaver-134706,storyweaver-original-114216,storyweaver,vocabulary_demand,2,4,4,4,original_ra_scope_text_route,text_route
storyweaver-134706,storyweaver-original-114216,storyweaver,grammar_sentence_demand,5,4,4,4,original_ra_scope_text_route,text_route
storyweaver-134706,storyweaver-original-114216,storyweaver,discourse_demand,5,4,4,4,original_ra_scope_text_route,text_route
storyweaver-134706,storyweaver-original-114216,storyweaver,semantic_content_demand,4,4,4,4,original_ra_scope_text_route,text_route
storyweaver-134706,storyweaver-original-114216,storyweaver,character_plot_demand,2,3,3,3,original_ra_scope_text_route,text_route
storyweaver-134706,storyweaver-original-114216,storyweaver,genre_theme_demand,4,4,4,4,original_ra_scope_text_route,text_route
storyweaver-134706,storyweaver-original-114216,storyweaver,illustration_independence,3,4,4,4,dinov2_visual_layout_ordinal,available
storyweaver-134706,storyweaver-original-114216,storyweaver,pinyin_annotation_reduction,6,6,6,6,pinyin_support_ordinal,available
storyweaver-134706,storyweaver-original-114216,storyweaver,layout_density,6,4,4,4,original_ra_scope_fallback,specialist_abstained
storyweaver-18398,storyweaver-original-17207,storyweaver,character_demand,2,2,2,2,original_ra_scope_text_route,text_route
storyweaver-18398,storyweaver-original-17207,storyweaver,vocabulary_demand,2,2,2,2,original_ra_scope_text_route,text_route
storyweaver-18398,storyweaver-original-17207,storyweaver,grammar_sentence_demand,2,2,2,2,original_ra_scope_text_route,text_route
storyweaver-18398,storyweaver-original-17207,storyweaver,discourse_demand,2,1,1,1,original_ra_scope_text_route,text_route
storyweaver-18398,storyweaver-original-17207,storyweaver,semantic_content_demand,2,2,2,2,original_ra_scope_text_route,text_route
storyweaver-18398,storyweaver-original-17207,storyweaver,character_plot_demand,2,3,3,3,original_ra_scope_text_route,text_route
storyweaver-18398,storyweaver-original-17207,storyweaver,genre_theme_demand,2,2,2,2,original_ra_scope_text_route,text_route
storyweaver-18398,storyweaver-original-17207,storyweaver,illustration_independence,3,2,3,3,dinov2_visual_layout_ordinal,available
storyweaver-18398,storyweaver-original-17207,storyweaver,pinyin_annotation_reduction,6,1,6,6,pinyin_support_ordinal,available
storyweaver-18398,storyweaver-original-17207,storyweaver,layout_density,2,2,1,2,original_ra_scope_fallback,specialist_abstained
storyweaver-18449,storyweaver-original-1,storyweaver,character_demand,2,3,3,3,original_ra_scope_text_route,text_route
storyweaver-18449,storyweaver-original-1,storyweaver,vocabulary_demand,2,3,3,3,original_ra_scope_text_route,text_route
storyweaver-18449,storyweaver-original-1,storyweaver,grammar_sentence_demand,2,3,3,3,original_ra_scope_text_route,text_route
storyweaver-18449,storyweaver-original-1,storyweaver,discourse_demand,2,3,3,3,original_ra_scope_text_route,text_route
storyweaver-18449,storyweaver-original-1,storyweaver,semantic_content_demand,2,3,3,3,original_ra_scope_text_route,text_route
storyweaver-18449,storyweaver-original-1,storyweaver,character_plot_demand,2,2,2,2,original_ra_scope_text_route,text_route
storyweaver-18449,storyweaver-original-1,storyweaver,genre_theme_demand,2,3,3,3,original_ra_scope_text_route,text_route
storyweaver-18449,storyweaver-original-1,storyweaver,illustration_independence,2,3,2,2,dinov2_visual_layout_ordinal,available
storyweaver-18449,storyweaver-original-1,storyweaver,pinyin_annotation_reduction,6,1,6,6,pinyin_support_ordinal,available
storyweaver-18449,storyweaver-original-1,storyweaver,layout_density,2,2,2,2,original_ra_scope_fallback,specialist_abstained
storyweaver-18453,storyweaver-original-15139,storyweaver,character_demand,2,3,3,3,original_ra_scope_text_route,text_route
storyweaver-18453,storyweaver-original-15139,storyweaver,vocabulary_demand,3,4,4,4,original_ra_scope_text_route,text_route
storyweaver-18453,storyweaver-original-15139,storyweaver,grammar_sentence_demand,5,4,4,4,original_ra_scope_text_route,text_route
storyweaver-18453,storyweaver-original-15139,storyweaver,discourse_demand,3,4,4,4,original_ra_scope_text_route,text_route
storyweaver-18453,storyweaver-original-15139,storyweaver,semantic_content_demand,5,4,4,4,original_ra_scope_text_route,text_route
storyweaver-18453,storyweaver-original-15139,storyweaver,character_plot_demand,3,3,3,3,original_ra_scope_text_route,text_route
storyweaver-18453,storyweaver-original-15139,storyweaver,genre_theme_demand,2,4,4,4,original_ra_scope_text_route,text_route
storyweaver-18453,storyweaver-original-15139,storyweaver,illustration_independence,2,4,3,3,dinov2_visual_layout_ordinal,available
storyweaver-18453,storyweaver-original-15139,storyweaver,pinyin_annotation_reduction,6,6,6,6,pinyin_support_ordinal,available
storyweaver-18453,storyweaver-original-15139,storyweaver,layout_density,4,4,4,4,original_ra_scope_fallback,specialist_abstained
storyweaver-18454,storyweaver-original-250,storyweaver,character_demand,1,2,2,2,original_ra_scope_text_route,text_route
storyweaver-18454,storyweaver-original-250,storyweaver,vocabulary_demand,1,2,2,2,original_ra_scope_text_route,text_route
storyweaver-18454,storyweaver-original-250,storyweaver,grammar_sentence_demand,3,2,2,2,original_ra_scope_text_route,text_route
storyweaver-18454,storyweaver-original-250,storyweaver,discourse_demand,2,1,1,1,original_ra_scope_text_route,text_route
storyweaver-18454,storyweaver-original-250,storyweaver,semantic_content_demand,2,2,2,2,original_ra_scope_text_route,text_route
storyweaver-18454,storyweaver-original-250,storyweaver,character_plot_demand,2,2,2,2,original_ra_scope_text_route,text_route
storyweaver-18454,storyweaver-original-250,storyweaver,genre_theme_demand,1,1,1,1,original_ra_scope_text_route,text_route
storyweaver-18454,storyweaver-original-250,storyweaver,illustration_independence,2,3,2,2,dinov2_visual_layout_ordinal,available
storyweaver-18454,storyweaver-original-250,storyweaver,pinyin_annotation_reduction,6,6,6,6,pinyin_support_ordinal,available
storyweaver-18454,storyweaver-original-250,storyweaver,layout_density,3,2,2,2,original_ra_scope_fallback,specialist_abstained
storyweaver-18459,storyweaver-original-1042,storyweaver,character_demand,2,2,2,2,original_ra_scope_text_route,text_route
storyweaver-18459,storyweaver-original-1042,storyweaver,vocabulary_demand,2,2,2,2,original_ra_scope_text_route,text_route
storyweaver-18459,storyweaver-original-1042,storyweaver,grammar_sentence_demand,2,2,2,2,original_ra_scope_text_route,text_route
storyweaver-18459,storyweaver-original-1042,storyweaver,discourse_demand,2,2,2,2,original_ra_scope_text_route,text_route
storyweaver-18459,storyweaver-original-1042,storyweaver,semantic_content_demand,2,2,2,2,original_ra_scope_text_route,text_route
storyweaver-18459,storyweaver-original-1042,storyweaver,character_plot_demand,2,2,2,2,original_ra_scope_text_route,text_route
storyweaver-18459,storyweaver-original-1042,storyweaver,genre_theme_demand,2,2,2,2,original_ra_scope_text_route,text_route
storyweaver-18459,storyweaver-original-1042,storyweaver,illustration_independence,2,3,3,3,dinov2_visual_layout_ordinal,available
storyweaver-18459,storyweaver-original-1042,storyweaver,pinyin_annotation_reduction,6,1,6,6,pinyin_support_ordinal,available
storyweaver-18459,storyweaver-original-1042,storyweaver,layout_density,2,2,2,2,original_ra_scope_fallback,specialist_abstained
storyweaver-18461,storyweaver-original-111,storyweaver,character_demand,2,4,4,4,original_ra_scope_text_route,text_route
storyweaver-18461,storyweaver-original-111,storyweaver,vocabulary_demand,2,4,4,4,original_ra_scope_text_route,text_route
storyweaver-18461,storyweaver-original-111,storyweaver,grammar_sentence_demand,6,4,4,4,original_ra_scope_text_route,text_route
storyweaver-18461,storyweaver-original-111,storyweaver,discourse_demand,5,4,4,4,original_ra_scope_text_route,text_route
storyweaver-18461,storyweaver-original-111,storyweaver,semantic_content_demand,5,4,4,4,original_ra_scope_text_route,text_route
storyweaver-18461,storyweaver-original-111,storyweaver,character_plot_demand,6,4,4,4,original_ra_scope_text_route,text_route
storyweaver-18461,storyweaver-original-111,storyweaver,genre_theme_demand,3,4,4,4,original_ra_scope_text_route,text_route
storyweaver-18461,storyweaver-original-111,storyweaver,illustration_independence,3,4,3,3,dinov2_visual_layout_ordinal,available
storyweaver-18461,storyweaver-original-111,storyweaver,pinyin_annotation_reduction,6,6,6,6,pinyin_support_ordinal,available
storyweaver-18461,storyweaver-original-111,storyweaver,layout_density,6,4,4,4,original_ra_scope_fallback,specialist_abstained
storyweaver-18535,storyweaver-original-182,storyweaver,character_demand,2,4,4,4,original_ra_scope_text_route,text_route
storyweaver-18535,storyweaver-original-182,storyweaver,vocabulary_demand,2,4,4,4,original_ra_scope_text_route,text_route
storyweaver-18535,storyweaver-original-182,storyweaver,grammar_sentence_demand,4,4,4,4,original_ra_scope_text_route,text_route
storyweaver-18535,storyweaver-original-182,storyweaver,discourse_demand,5,4,4,4,original_ra_scope_text_route,text_route
storyweaver-18535,storyweaver-original-182,storyweaver,semantic_content_demand,4,4,4,4,original_ra_scope_text_route,text_route
storyweaver-18535,storyweaver-original-182,storyweaver,character_plot_demand,6,3,3,3,original_ra_scope_text_route,text_route
storyweaver-18535,storyweaver-original-182,storyweaver,genre_theme_demand,4,4,4,4,original_ra_scope_text_route,text_route
storyweaver-18535,storyweaver-original-182,storyweaver,illustration_independence,3,4,3,3,dinov2_visual_layout_ordinal,available
storyweaver-18535,storyweaver-original-182,storyweaver,pinyin_annotation_reduction,6,6,6,6,pinyin_support_ordinal,available
storyweaver-18535,storyweaver-original-182,storyweaver,layout_density,6,4,4,4,original_ra_scope_fallback,specialist_abstained
storyweaver-18600,storyweaver-original-189,storyweaver,character_demand,2,3,3,3,original_ra_scope_text_route,text_route
storyweaver-18600,storyweaver-original-189,storyweaver,vocabulary_demand,2,3,3,3,original_ra_scope_text_route,text_route
storyweaver-18600,storyweaver-original-189,storyweaver,grammar_sentence_demand,6,3,3,3,original_ra_scope_text_route,text_route
storyweaver-18600,storyweaver-original-189,storyweaver,discourse_demand,3,3,3,3,original_ra_scope_text_route,text_route
storyweaver-18600,storyweaver-original-189,storyweaver,semantic_content_demand,4,3,3,3,original_ra_scope_text_route,text_route
storyweaver-18600,storyweaver-original-189,storyweaver,character_plot_demand,4,3,3,3,original_ra_scope_text_route,text_route
storyweaver-18600,storyweaver-original-189,storyweaver,genre_theme_demand,3,3,3,3,original_ra_scope_text_route,text_route
storyweaver-18600,storyweaver-original-189,storyweaver,illustration_independence,5,3,3,3,dinov2_visual_layout_ordinal,available
storyweaver-18600,storyweaver-original-189,storyweaver,pinyin_annotation_reduction,6,6,6,6,pinyin_support_ordinal,available
storyweaver-18600,storyweaver-original-189,storyweaver,layout_density,5,3,2,3,original_ra_scope_fallback,specialist_abstained
storyweaver-18601,storyweaver-original-1057,storyweaver,character_demand,1,2,2,2,original_ra_scope_text_route,text_route
storyweaver-18601,storyweaver-original-1057,storyweaver,vocabulary_demand,1,2,2,2,original_ra_scope_text_route,text_route
storyweaver-18601,storyweaver-original-1057,storyweaver,grammar_sentence_demand,2,2,2,2,original_ra_scope_text_route,text_route
storyweaver-18601,storyweaver-original-1057,storyweaver,discourse_demand,3,2,2,2,original_ra_scope_text_route,text_route
storyweaver-18601,storyweaver-original-1057,storyweaver,semantic_content_demand,2,2,2,2,original_ra_scope_text_route,text_route
storyweaver-18601,storyweaver-original-1057,storyweaver,character_plot_demand,2,3,3,3,original_ra_scope_text_route,text_route
storyweaver-18601,storyweaver-original-1057,storyweaver,genre_theme_demand,3,2,2,2,original_ra_scope_text_route,text_route
storyweaver-18601,storyweaver-original-1057,storyweaver,illustration_independence,2,2,2,2,dinov2_visual_layout_ordinal,available
storyweaver-18601,storyweaver-original-1057,storyweaver,pinyin_annotation_reduction,6,1,6,6,pinyin_support_ordinal,available
storyweaver-18601,storyweaver-original-1057,storyweaver,layout_density,2,2,2,2,original_ra_scope_fallback,specialist_abstained
storyweaver-18612,storyweaver-original-1052,storyweaver,character_demand,2,2,2,2,original_ra_scope_text_route,text_route
storyweaver-18612,storyweaver-original-1052,storyweaver,vocabulary_demand,1,3,3,3,original_ra_scope_text_route,text_route
storyweaver-18612,storyweaver-original-1052,storyweaver,grammar_sentence_demand,5,2,2,2,original_ra_scope_text_route,text_route
storyweaver-18612,storyweaver-original-1052,storyweaver,discourse_demand,3,3,3,3,original_ra_scope_text_route,text_route
storyweaver-18612,storyweaver-original-1052,storyweaver,semantic_content_demand,3,3,3,3,original_ra_scope_text_route,text_route
storyweaver-18612,storyweaver-original-1052,storyweaver,character_plot_demand,2,3,3,3,original_ra_scope_text_route,text_route
storyweaver-18612,storyweaver-original-1052,storyweaver,genre_theme_demand,3,3,3,3,original_ra_scope_text_route,text_route
storyweaver-18612,storyweaver-original-1052,storyweaver,illustration_independence,2,3,3,3,dinov2_visual_layout_ordinal,available
storyweaver-18612,storyweaver-original-1052,storyweaver,pinyin_annotation_reduction,5,6,6,6,pinyin_support_ordinal,available
storyweaver-18612,storyweaver-original-1052,storyweaver,layout_density,5,2,2,2,original_ra_scope_fallback,specialist_abstained
storyweaver-18670,storyweaver-original-453,storyweaver,character_demand,1,2,2,2,original_ra_scope_text_route,text_route
storyweaver-18670,storyweaver-original-453,storyweaver,vocabulary_demand,2,2,2,2,original_ra_scope_text_route,text_route
storyweaver-18670,storyweaver-original-453,storyweaver,grammar_sentence_demand,2,2,2,2,original_ra_scope_text_route,text_route
storyweaver-18670,storyweaver-original-453,storyweaver,discourse_demand,2,2,2,2,original_ra_scope_text_route,text_route
storyweaver-18670,storyweaver-original-453,storyweaver,semantic_content_demand,2,2,2,2,original_ra_scope_text_route,text_route
storyweaver-18670,storyweaver-original-453,storyweaver,character_plot_demand,2,2,2,2,original_ra_scope_text_route,text_route
storyweaver-18670,storyweaver-original-453,storyweaver,genre_theme_demand,2,2,2,2,original_ra_scope_text_route,text_route
storyweaver-18670,storyweaver-original-453,storyweaver,illustration_independence,3,3,3,3,dinov2_visual_layout_ordinal,available
storyweaver-18670,storyweaver-original-453,storyweaver,pinyin_annotation_reduction,6,6,6,6,pinyin_support_ordinal,available
storyweaver-18670,storyweaver-original-453,storyweaver,layout_density,2,2,2,2,original_ra_scope_fallback,specialist_abstained
storyweaver-18743,storyweaver-original-7,storyweaver,character_demand,2,1,1,1,original_ra_scope_text_route,text_route
storyweaver-18743,storyweaver-original-7,storyweaver,vocabulary_demand,2,1,1,1,original_ra_scope_text_route,text_route
storyweaver-18743,storyweaver-original-7,storyweaver,grammar_sentence_demand,2,1,1,1,original_ra_scope_text_route,text_route
storyweaver-18743,storyweaver-original-7,storyweaver,discourse_demand,2,1,1,1,original_ra_scope_text_route,text_route
storyweaver-18743,storyweaver-original-7,storyweaver,semantic_content_demand,2,1,1,1,original_ra_scope_text_route,text_route
storyweaver-18743,storyweaver-original-7,storyweaver,character_plot_demand,2,2,2,2,original_ra_scope_text_route,text_route
storyweaver-18743,storyweaver-original-7,storyweaver,genre_theme_demand,1,1,1,1,original_ra_scope_text_route,text_route
storyweaver-18743,storyweaver-original-7,storyweaver,illustration_independence,3,3,3,3,dinov2_visual_layout_ordinal,available
storyweaver-18743,storyweaver-original-7,storyweaver,pinyin_annotation_reduction,6,1,6,6,pinyin_support_ordinal,available
storyweaver-18743,storyweaver-original-7,storyweaver,layout_density,2,2,1,2,original_ra_scope_fallback,specialist_abstained
storyweaver-18745,storyweaver-original-18147,storyweaver,character_demand,4,4,4,4,original_ra_scope_text_route,text_route
storyweaver-18745,storyweaver-original-18147,storyweaver,vocabulary_demand,4,4,4,4,original_ra_scope_text_route,text_route
storyweaver-18745,storyweaver-original-18147,storyweaver,grammar_sentence_demand,6,4,4,4,original_ra_scope_text_route,text_route
storyweaver-18745,storyweaver-original-18147,storyweaver,discourse_demand,2,4,4,4,original_ra_scope_text_route,text_route
storyweaver-18745,storyweaver-original-18147,storyweaver,semantic_content_demand,2,4,4,4,original_ra_scope_text_route,text_route
storyweaver-18745,storyweaver-original-18147,storyweaver,character_plot_demand,5,3,3,3,original_ra_scope_text_route,text_route
storyweaver-18745,storyweaver-original-18147,storyweaver,genre_theme_demand,3,5,5,5,original_ra_scope_text_route,text_route
storyweaver-18745,storyweaver-original-18147,storyweaver,illustration_independence,2,4,2,2,dinov2_visual_layout_ordinal,available
storyweaver-18745,storyweaver-original-18147,storyweaver,pinyin_annotation_reduction,6,6,6,6,pinyin_support_ordinal,available
storyweaver-18745,storyweaver-original-18147,storyweaver,layout_density,6,4,5,4,original_ra_scope_fallback,specialist_abstained
storyweaver-18748,storyweaver-original-19,storyweaver,character_demand,2,4,4,4,original_ra_scope_text_route,text_route
storyweaver-18748,storyweaver-original-19,storyweaver,vocabulary_demand,2,3,3,3,original_ra_scope_text_route,text_route
storyweaver-18748,storyweaver-original-19,storyweaver,grammar_sentence_demand,2,4,4,4,original_ra_scope_text_route,text_route
storyweaver-18748,storyweaver-original-19,storyweaver,discourse_demand,3,4,4,4,original_ra_scope_text_route,text_route
storyweaver-18748,storyweaver-original-19,storyweaver,semantic_content_demand,2,4,4,4,original_ra_scope_text_route,text_route
storyweaver-18748,storyweaver-original-19,storyweaver,character_plot_demand,1,3,3,3,original_ra_scope_text_route,text_route
storyweaver-18748,storyweaver-original-19,storyweaver,genre_theme_demand,2,4,4,4,original_ra_scope_text_route,text_route
storyweaver-18748,storyweaver-original-19,storyweaver,illustration_independence,2,2,4,4,dinov2_visual_layout_ordinal,available
storyweaver-18748,storyweaver-original-19,storyweaver,pinyin_annotation_reduction,6,6,6,6,pinyin_support_ordinal,available
storyweaver-18748,storyweaver-original-19,storyweaver,layout_density,5,3,3,3,original_ra_scope_fallback,specialist_abstained
storyweaver-18867,storyweaver-original-14833,storyweaver,character_demand,4,1,1,1,original_ra_scope_text_route,text_route
storyweaver-18867,storyweaver-original-14833,storyweaver,vocabulary_demand,2,1,1,1,original_ra_scope_text_route,text_route
storyweaver-18867,storyweaver-original-14833,storyweaver,grammar_sentence_demand,1,2,2,2,original_ra_scope_text_route,text_route
storyweaver-18867,storyweaver-original-14833,storyweaver,discourse_demand,2,1,1,1,original_ra_scope_text_route,text_route
storyweaver-18867,storyweaver-original-14833,storyweaver,semantic_content_demand,1,1,1,1,original_ra_scope_text_route,text_route
storyweaver-18867,storyweaver-original-14833,storyweaver,character_plot_demand,1,1,1,1,original_ra_scope_text_route,text_route
storyweaver-18867,storyweaver-original-14833,storyweaver,genre_theme_demand,1,1,1,1,original_ra_scope_text_route,text_route
storyweaver-18867,storyweaver-original-14833,storyweaver,illustration_independence,2,2,2,2,dinov2_visual_layout_ordinal,available
storyweaver-18867,storyweaver-original-14833,storyweaver,pinyin_annotation_reduction,6,6,6,6,pinyin_support_ordinal,available
storyweaver-18867,storyweaver-original-14833,storyweaver,layout_density,2,1,1,1,original_ra_scope_fallback,specialist_abstained
storyweaver-19019,storyweaver-original-13933,storyweaver,character_demand,2,4,4,4,original_ra_scope_text_route,text_route
storyweaver-19019,storyweaver-original-13933,storyweaver,vocabulary_demand,2,4,4,4,original_ra_scope_text_route,text_route
storyweaver-19019,storyweaver-original-13933,storyweaver,grammar_sentence_demand,5,4,4,4,original_ra_scope_text_route,text_route
storyweaver-19019,storyweaver-original-13933,storyweaver,discourse_demand,3,4,4,4,original_ra_scope_text_route,text_route
storyweaver-19019,storyweaver-original-13933,storyweaver,semantic_content_demand,3,4,4,4,original_ra_scope_text_route,text_route
storyweaver-19019,storyweaver-original-13933,storyweaver,character_plot_demand,4,4,4,4,original_ra_scope_text_route,text_route
storyweaver-19019,storyweaver-original-13933,storyweaver,genre_theme_demand,2,4,4,4,original_ra_scope_text_route,text_route
storyweaver-19019,storyweaver-original-13933,storyweaver,illustration_independence,2,4,3,3,dinov2_visual_layout_ordinal,available
storyweaver-19019,storyweaver-original-13933,storyweaver,pinyin_annotation_reduction,6,6,6,6,pinyin_support_ordinal,available
storyweaver-19019,storyweaver-original-13933,storyweaver,layout_density,4,4,2,4,original_ra_scope_fallback,specialist_abstained
storyweaver-19271,storyweaver-original-49,storyweaver,character_demand,2,3,3,3,original_ra_scope_text_route,text_route
storyweaver-19271,storyweaver-original-49,storyweaver,vocabulary_demand,2,3,3,3,original_ra_scope_text_route,text_route
storyweaver-19271,storyweaver-original-49,storyweaver,grammar_sentence_demand,5,3,3,3,original_ra_scope_text_route,text_route
storyweaver-19271,storyweaver-original-49,storyweaver,discourse_demand,3,3,3,3,original_ra_scope_text_route,text_route
storyweaver-19271,storyweaver-original-49,storyweaver,semantic_content_demand,2,3,3,3,original_ra_scope_text_route,text_route
storyweaver-19271,storyweaver-original-49,storyweaver,character_plot_demand,3,3,3,3,original_ra_scope_text_route,text_route
storyweaver-19271,storyweaver-original-49,storyweaver,genre_theme_demand,2,3,3,3,original_ra_scope_text_route,text_route
storyweaver-19271,storyweaver-original-49,storyweaver,illustration_independence,4,3,3,3,dinov2_visual_layout_ordinal,available
storyweaver-19271,storyweaver-original-49,storyweaver,pinyin_annotation_reduction,6,6,6,6,pinyin_support_ordinal,available
storyweaver-19271,storyweaver-original-49,storyweaver,layout_density,4,3,2,3,original_ra_scope_fallback,specialist_abstained
storyweaver-19272,storyweaver-original-33,storyweaver,character_demand,2,4,4,4,original_ra_scope_text_route,text_route
storyweaver-19272,storyweaver-original-33,storyweaver,vocabulary_demand,2,4,4,4,original_ra_scope_text_route,text_route
storyweaver-19272,storyweaver-original-33,storyweaver,grammar_sentence_demand,4,3,3,3,original_ra_scope_text_route,text_route
storyweaver-19272,storyweaver-original-33,storyweaver,discourse_demand,3,4,4,4,original_ra_scope_text_route,text_route
storyweaver-19272,storyweaver-original-33,storyweaver,semantic_content_demand,3,4,4,4,original_ra_scope_text_route,text_route
storyweaver-19272,storyweaver-original-33,storyweaver,character_plot_demand,4,3,3,3,original_ra_scope_text_route,text_route
storyweaver-19272,storyweaver-original-33,storyweaver,genre_theme_demand,2,4,4,4,original_ra_scope_text_route,text_route
storyweaver-19272,storyweaver-original-33,storyweaver,illustration_independence,2,4,3,3,dinov2_visual_layout_ordinal,available
storyweaver-19272,storyweaver-original-33,storyweaver,pinyin_annotation_reduction,6,6,6,6,pinyin_support_ordinal,available
storyweaver-19272,storyweaver-original-33,storyweaver,layout_density,5,4,2,4,original_ra_scope_fallback,specialist_abstained
storyweaver-19807,storyweaver-original-7892,storyweaver,character_demand,2,4,4,4,original_ra_scope_text_route,text_route
storyweaver-19807,storyweaver-original-7892,storyweaver,vocabulary_demand,2,4,4,4,original_ra_scope_text_route,text_route
storyweaver-19807,storyweaver-original-7892,storyweaver,grammar_sentence_demand,6,4,4,4,original_ra_scope_text_route,text_route
storyweaver-19807,storyweaver-original-7892,storyweaver,discourse_demand,4,4,4,4,original_ra_scope_text_route,text_route
storyweaver-19807,storyweaver-original-7892,storyweaver,semantic_content_demand,3,4,4,4,original_ra_scope_text_route,text_route
storyweaver-19807,storyweaver-original-7892,storyweaver,character_plot_demand,4,4,4,4,original_ra_scope_text_route,text_route
storyweaver-19807,storyweaver-original-7892,storyweaver,genre_theme_demand,3,4,4,4,original_ra_scope_text_route,text_route
storyweaver-19807,storyweaver-original-7892,storyweaver,illustration_independence,5,4,4,4,dinov2_visual_layout_ordinal,available
storyweaver-19807,storyweaver-original-7892,storyweaver,pinyin_annotation_reduction,6,6,6,6,pinyin_support_ordinal,available
storyweaver-19807,storyweaver-original-7892,storyweaver,layout_density,6,4,3,4,original_ra_scope_fallback,specialist_abstained
storyweaver-19855,storyweaver-original-9009,storyweaver,character_demand,2,4,4,4,original_ra_scope_text_route,text_route
storyweaver-19855,storyweaver-original-9009,storyweaver,vocabulary_demand,2,4,4,4,original_ra_scope_text_route,text_route
storyweaver-19855,storyweaver-original-9009,storyweaver,grammar_sentence_demand,4,4,4,4,original_ra_scope_text_route,text_route
storyweaver-19855,storyweaver-original-9009,storyweaver,discourse_demand,3,4,4,4,original_ra_scope_text_route,text_route
storyweaver-19855,storyweaver-original-9009,storyweaver,semantic_content_demand,3,4,4,4,original_ra_scope_text_route,text_route
storyweaver-19855,storyweaver-original-9009,storyweaver,character_plot_demand,3,3,3,3,original_ra_scope_text_route,text_route
storyweaver-19855,storyweaver-original-9009,storyweaver,genre_theme_demand,2,4,4,4,original_ra_scope_text_route,text_route
storyweaver-19855,storyweaver-original-9009,storyweaver,illustration_independence,2,4,3,3,dinov2_visual_layout_ordinal,available
storyweaver-19855,storyweaver-original-9009,storyweaver,pinyin_annotation_reduction,6,6,6,6,pinyin_support_ordinal,available
storyweaver-19855,storyweaver-original-9009,storyweaver,layout_density,4,4,1,4,original_ra_scope_fallback,specialist_abstained
storyweaver-19877,storyweaver-original-218,storyweaver,character_demand,2,3,3,3,original_ra_scope_text_route,text_route
storyweaver-19877,storyweaver-original-218,storyweaver,vocabulary_demand,2,4,4,4,original_ra_scope_text_route,text_route
storyweaver-19877,storyweaver-original-218,storyweaver,grammar_sentence_demand,3,3,3,3,original_ra_scope_text_route,text_route
storyweaver-19877,storyweaver-original-218,storyweaver,discourse_demand,3,4,4,4,original_ra_scope_text_route,text_route
storyweaver-19877,storyweaver-original-218,storyweaver,semantic_content_demand,2,4,4,4,original_ra_scope_text_route,text_route
storyweaver-19877,storyweaver-original-218,storyweaver,character_plot_demand,2,4,4,4,original_ra_scope_text_route,text_route
storyweaver-19877,storyweaver-original-218,storyweaver,genre_theme_demand,2,5,5,5,original_ra_scope_text_route,text_route
storyweaver-19877,storyweaver-original-218,storyweaver,illustration_independence,2,3,3,3,dinov2_visual_layout_ordinal,available
storyweaver-19877,storyweaver-original-218,storyweaver,pinyin_annotation_reduction,6,6,6,6,pinyin_support_ordinal,available
storyweaver-19877,storyweaver-original-218,storyweaver,layout_density,4,4,2,4,original_ra_scope_fallback,specialist_abstained
storyweaver-19894,storyweaver-original-167,storyweaver,character_demand,2,4,4,4,original_ra_scope_text_route,text_route
storyweaver-19894,storyweaver-original-167,storyweaver,vocabulary_demand,2,4,4,4,original_ra_scope_text_route,text_route
storyweaver-19894,storyweaver-original-167,storyweaver,grammar_sentence_demand,5,4,4,4,original_ra_scope_text_route,text_route
storyweaver-19894,storyweaver-original-167,storyweaver,discourse_demand,4,4,4,4,original_ra_scope_text_route,text_route
storyweaver-19894,storyweaver-original-167,storyweaver,semantic_content_demand,4,4,4,4,original_ra_scope_text_route,text_route
storyweaver-19894,storyweaver-original-167,storyweaver,character_plot_demand,5,4,4,4,original_ra_scope_text_route,text_route
storyweaver-19894,storyweaver-original-167,storyweaver,genre_theme_demand,3,5,5,5,original_ra_scope_text_route,text_route
storyweaver-19894,storyweaver-original-167,storyweaver,illustration_independence,3,4,4,4,dinov2_visual_layout_ordinal,available
storyweaver-19894,storyweaver-original-167,storyweaver,pinyin_annotation_reduction,6,6,6,6,pinyin_support_ordinal,available
storyweaver-19894,storyweaver-original-167,storyweaver,layout_density,6,4,4,4,original_ra_scope_fallback,specialist_abstained
storyweaver-19989,storyweaver-original-156,storyweaver,character_demand,2,4,4,4,original_ra_scope_text_route,text_route
storyweaver-19989,storyweaver-original-156,storyweaver,vocabulary_demand,2,4,4,4,original_ra_scope_text_route,text_route
storyweaver-19989,storyweaver-original-156,storyweaver,grammar_sentence_demand,6,4,4,4,original_ra_scope_text_route,text_route
storyweaver-19989,storyweaver-original-156,storyweaver,discourse_demand,4,4,4,4,original_ra_scope_text_route,text_route
storyweaver-19989,storyweaver-original-156,storyweaver,semantic_content_demand,2,4,4,4,original_ra_scope_text_route,text_route
storyweaver-19989,storyweaver-original-156,storyweaver,character_plot_demand,3,4,4,4,original_ra_scope_text_route,text_route
storyweaver-19989,storyweaver-original-156,storyweaver,genre_theme_demand,2,4,4,4,original_ra_scope_text_route,text_route
storyweaver-19989,storyweaver-original-156,storyweaver,illustration_independence,5,4,4,4,dinov2_visual_layout_ordinal,available
storyweaver-19989,storyweaver-original-156,storyweaver,pinyin_annotation_reduction,6,6,6,6,pinyin_support_ordinal,available
storyweaver-19989,storyweaver-original-156,storyweaver,layout_density,6,4,4,4,original_ra_scope_fallback,specialist_abstained
storyweaver-20012,storyweaver-original-758,storyweaver,character_demand,1,3,3,3,original_ra_scope_text_route,text_route
storyweaver-20012,storyweaver-original-758,storyweaver,vocabulary_demand,1,4,4,4,original_ra_scope_text_route,text_route
storyweaver-20012,storyweaver-original-758,storyweaver,grammar_sentence_demand,4,3,3,3,original_ra_scope_text_route,text_route
storyweaver-20012,storyweaver-original-758,storyweaver,discourse_demand,3,4,4,4,original_ra_scope_text_route,text_route
storyweaver-20012,storyweaver-original-758,storyweaver,semantic_content_demand,2,4,4,4,original_ra_scope_text_route,text_route
storyweaver-20012,storyweaver-original-758,storyweaver,character_plot_demand,2,3,3,3,original_ra_scope_text_route,text_route
storyweaver-20012,storyweaver-original-758,storyweaver,genre_theme_demand,2,4,4,4,original_ra_scope_text_route,text_route
storyweaver-20012,storyweaver-original-758,storyweaver,illustration_independence,2,4,4,4,dinov2_visual_layout_ordinal,available
storyweaver-20012,storyweaver-original-758,storyweaver,pinyin_annotation_reduction,6,6,6,6,pinyin_support_ordinal,available
storyweaver-20012,storyweaver-original-758,storyweaver,layout_density,5,3,4,3,original_ra_scope_fallback,specialist_abstained
storyweaver-20032,storyweaver-original-7263,storyweaver,character_demand,2,4,4,4,original_ra_scope_text_route,text_route
storyweaver-20032,storyweaver-original-7263,storyweaver,vocabulary_demand,3,4,4,4,original_ra_scope_text_route,text_route
storyweaver-20032,storyweaver-original-7263,storyweaver,grammar_sentence_demand,4,4,4,4,original_ra_scope_text_route,text_route
storyweaver-20032,storyweaver-original-7263,storyweaver,discourse_demand,3,4,4,4,original_ra_scope_text_route,text_route
storyweaver-20032,storyweaver-original-7263,storyweaver,semantic_content_demand,2,4,4,4,original_ra_scope_text_route,text_route
storyweaver-20032,storyweaver-original-7263,storyweaver,character_plot_demand,2,3,3,3,original_ra_scope_text_route,text_route
storyweaver-20032,storyweaver-original-7263,storyweaver,genre_theme_demand,2,4,4,4,original_ra_scope_text_route,text_route
storyweaver-20032,storyweaver-original-7263,storyweaver,illustration_independence,2,4,3,3,dinov2_visual_layout_ordinal,available
storyweaver-20032,storyweaver-original-7263,storyweaver,pinyin_annotation_reduction,6,6,6,6,pinyin_support_ordinal,available
storyweaver-20032,storyweaver-original-7263,storyweaver,layout_density,5,4,2,4,original_ra_scope_fallback,specialist_abstained
storyweaver-20049,storyweaver-original-2169,storyweaver,character_demand,2,4,4,4,original_ra_scope_text_route,text_route
storyweaver-20049,storyweaver-original-2169,storyweaver,vocabulary_demand,2,4,4,4,original_ra_scope_text_route,text_route
storyweaver-20049,storyweaver-original-2169,storyweaver,grammar_sentence_demand,3,4,4,4,original_ra_scope_text_route,text_route
storyweaver-20049,storyweaver-original-2169,storyweaver,discourse_demand,4,4,4,4,original_ra_scope_text_route,text_route
storyweaver-20049,storyweaver-original-2169,storyweaver,semantic_content_demand,3,4,4,4,original_ra_scope_text_route,text_route
storyweaver-20049,storyweaver-original-2169,storyweaver,character_plot_demand,3,4,4,4,original_ra_scope_text_route,text_route
storyweaver-20049,storyweaver-original-2169,storyweaver,genre_theme_demand,3,4,4,4,original_ra_scope_text_route,text_route
storyweaver-20049,storyweaver-original-2169,storyweaver,illustration_independence,3,4,3,3,dinov2_visual_layout_ordinal,available
storyweaver-20049,storyweaver-original-2169,storyweaver,pinyin_annotation_reduction,6,6,6,6,pinyin_support_ordinal,available
storyweaver-20049,storyweaver-original-2169,storyweaver,layout_density,6,4,2,4,original_ra_scope_fallback,specialist_abstained
storyweaver-20412,storyweaver-original-258,storyweaver,character_demand,2,4,4,4,original_ra_scope_text_route,text_route
storyweaver-20412,storyweaver-original-258,storyweaver,vocabulary_demand,3,4,4,4,original_ra_scope_text_route,text_route
storyweaver-20412,storyweaver-original-258,storyweaver,grammar_sentence_demand,5,4,4,4,original_ra_scope_text_route,text_route
storyweaver-20412,storyweaver-original-258,storyweaver,discourse_demand,3,4,4,4,original_ra_scope_text_route,text_route
storyweaver-20412,storyweaver-original-258,storyweaver,semantic_content_demand,2,4,4,4,original_ra_scope_text_route,text_route
storyweaver-20412,storyweaver-original-258,storyweaver,character_plot_demand,5,4,4,4,original_ra_scope_text_route,text_route
storyweaver-20412,storyweaver-original-258,storyweaver,genre_theme_demand,2,4,4,4,original_ra_scope_text_route,text_route
storyweaver-20412,storyweaver-original-258,storyweaver,illustration_independence,2,4,3,3,dinov2_visual_layout_ordinal,available
storyweaver-20412,storyweaver-original-258,storyweaver,pinyin_annotation_reduction,6,6,6,6,pinyin_support_ordinal,available
storyweaver-20412,storyweaver-original-258,storyweaver,layout_density,6,4,3,4,original_ra_scope_fallback,specialist_abstained
storyweaver-20419,storyweaver-original-12293,storyweaver,character_demand,2,3,3,3,original_ra_scope_text_route,text_route
storyweaver-20419,storyweaver-original-12293,storyweaver,vocabulary_demand,2,3,3,3,original_ra_scope_text_route,text_route
storyweaver-20419,storyweaver-original-12293,storyweaver,grammar_sentence_demand,2,3,3,3,original_ra_scope_text_route,text_route
storyweaver-20419,storyweaver-original-12293,storyweaver,discourse_demand,2,3,3,3,original_ra_scope_text_route,text_route
storyweaver-20419,storyweaver-original-12293,storyweaver,semantic_content_demand,2,3,3,3,original_ra_scope_text_route,text_route
storyweaver-20419,storyweaver-original-12293,storyweaver,character_plot_demand,2,3,3,3,original_ra_scope_text_route,text_route
storyweaver-20419,storyweaver-original-12293,storyweaver,genre_theme_demand,2,3,3,3,original_ra_scope_text_route,text_route
storyweaver-20419,storyweaver-original-12293,storyweaver,illustration_independence,2,3,3,3,dinov2_visual_layout_ordinal,available
storyweaver-20419,storyweaver-original-12293,storyweaver,pinyin_annotation_reduction,6,1,6,6,pinyin_support_ordinal,available
storyweaver-20419,storyweaver-original-12293,storyweaver,layout_density,3,2,2,2,original_ra_scope_fallback,specialist_abstained
storyweaver-20469,storyweaver-original-14798,storyweaver,character_demand,2,3,3,3,original_ra_scope_text_route,text_route
storyweaver-20469,storyweaver-original-14798,storyweaver,vocabulary_demand,2,4,4,4,original_ra_scope_text_route,text_route
storyweaver-20469,storyweaver-original-14798,storyweaver,grammar_sentence_demand,3,3,3,3,original_ra_scope_text_route,text_route
storyweaver-20469,storyweaver-original-14798,storyweaver,discourse_demand,2,4,4,4,original_ra_scope_text_route,text_route
storyweaver-20469,storyweaver-original-14798,storyweaver,semantic_content_demand,1,4,4,4,original_ra_scope_text_route,text_route
storyweaver-20469,storyweaver-original-14798,storyweaver,character_plot_demand,1,2,2,2,original_ra_scope_text_route,text_route
storyweaver-20469,storyweaver-original-14798,storyweaver,genre_theme_demand,1,4,4,4,original_ra_scope_text_route,text_route
storyweaver-20469,storyweaver-original-14798,storyweaver,illustration_independence,1,3,3,3,dinov2_visual_layout_ordinal,available
storyweaver-20469,storyweaver-original-14798,storyweaver,pinyin_annotation_reduction,6,6,6,6,pinyin_support_ordinal,available
storyweaver-20469,storyweaver-original-14798,storyweaver,layout_density,2,3,2,3,original_ra_scope_fallback,specialist_abstained
storyweaver-20798,storyweaver-original-12172,storyweaver,character_demand,2,4,4,4,original_ra_scope_text_route,text_route
storyweaver-20798,storyweaver-original-12172,storyweaver,vocabulary_demand,2,4,4,4,original_ra_scope_text_route,text_route
storyweaver-20798,storyweaver-original-12172,storyweaver,grammar_sentence_demand,4,4,4,4,original_ra_scope_text_route,text_route
storyweaver-20798,storyweaver-original-12172,storyweaver,discourse_demand,4,4,4,4,original_ra_scope_text_route,text_route
storyweaver-20798,storyweaver-original-12172,storyweaver,semantic_content_demand,5,4,4,4,original_ra_scope_text_route,text_route
storyweaver-20798,storyweaver-original-12172,storyweaver,character_plot_demand,5,3,3,3,original_ra_scope_text_route,text_route
storyweaver-20798,storyweaver-original-12172,storyweaver,genre_theme_demand,3,4,4,4,original_ra_scope_text_route,text_route
storyweaver-20798,storyweaver-original-12172,storyweaver,illustration_independence,5,4,4,4,dinov2_visual_layout_ordinal,available
storyweaver-20798,storyweaver-original-12172,storyweaver,pinyin_annotation_reduction,6,6,6,6,pinyin_support_ordinal,available
storyweaver-20798,storyweaver-original-12172,storyweaver,layout_density,6,4,2,4,original_ra_scope_fallback,specialist_abstained
storyweaver-20801,storyweaver-original-15050,storyweaver,character_demand,2,1,1,1,original_ra_scope_text_route,text_route
storyweaver-20801,storyweaver-original-15050,storyweaver,vocabulary_demand,2,2,2,2,original_ra_scope_text_route,text_route
storyweaver-20801,storyweaver-original-15050,storyweaver,grammar_sentence_demand,3,1,1,1,original_ra_scope_text_route,text_route
storyweaver-20801,storyweaver-original-15050,storyweaver,discourse_demand,1,1,1,1,original_ra_scope_text_route,text_route
storyweaver-20801,storyweaver-original-15050,storyweaver,semantic_content_demand,2,1,1,1,original_ra_scope_text_route,text_route
storyweaver-20801,storyweaver-original-15050,storyweaver,character_plot_demand,1,2,2,2,original_ra_scope_text_route,text_route
storyweaver-20801,storyweaver-original-15050,storyweaver,genre_theme_demand,1,1,1,1,original_ra_scope_text_route,text_route
storyweaver-20801,storyweaver-original-15050,storyweaver,illustration_independence,3,2,2,2,dinov2_visual_layout_ordinal,available
storyweaver-20801,storyweaver-original-15050,storyweaver,pinyin_annotation_reduction,5,6,6,6,pinyin_support_ordinal,available
storyweaver-20801,storyweaver-original-15050,storyweaver,layout_density,2,2,1,2,original_ra_scope_fallback,specialist_abstained
storyweaver-20873,storyweaver-original-98,storyweaver,character_demand,1,4,4,4,original_ra_scope_text_route,text_route
storyweaver-20873,storyweaver-original-98,storyweaver,vocabulary_demand,1,4,4,4,original_ra_scope_text_route,text_route
storyweaver-20873,storyweaver-original-98,storyweaver,grammar_sentence_demand,3,4,4,4,original_ra_scope_text_route,text_route
storyweaver-20873,storyweaver-original-98,storyweaver,discourse_demand,3,4,4,4,original_ra_scope_text_route,text_route
storyweaver-20873,storyweaver-original-98,storyweaver,semantic_content_demand,2,4,4,4,original_ra_scope_text_route,text_route
storyweaver-20873,storyweaver-original-98,storyweaver,character_plot_demand,3,3,3,3,original_ra_scope_text_route,text_route
storyweaver-20873,storyweaver-original-98,storyweaver,genre_theme_demand,2,4,4,4,original_ra_scope_text_route,text_route
storyweaver-20873,storyweaver-original-98,storyweaver,illustration_independence,2,4,4,4,dinov2_visual_layout_ordinal,available
storyweaver-20873,storyweaver-original-98,storyweaver,pinyin_annotation_reduction,6,6,6,6,pinyin_support_ordinal,available
storyweaver-20873,storyweaver-original-98,storyweaver,layout_density,6,4,2,4,original_ra_scope_fallback,specialist_abstained
storyweaver-20929,storyweaver-original-1207,storyweaver,character_demand,2,4,4,4,original_ra_scope_text_route,text_route
storyweaver-20929,storyweaver-original-1207,storyweaver,vocabulary_demand,2,4,4,4,original_ra_scope_text_route,text_route
storyweaver-20929,storyweaver-original-1207,storyweaver,grammar_sentence_demand,3,4,4,4,original_ra_scope_text_route,text_route
storyweaver-20929,storyweaver-original-1207,storyweaver,discourse_demand,3,4,4,4,original_ra_scope_text_route,text_route
storyweaver-20929,storyweaver-original-1207,storyweaver,semantic_content_demand,2,4,4,4,original_ra_scope_text_route,text_route
storyweaver-20929,storyweaver-original-1207,storyweaver,character_plot_demand,4,3,3,3,original_ra_scope_text_route,text_route
storyweaver-20929,storyweaver-original-1207,storyweaver,genre_theme_demand,2,4,4,4,original_ra_scope_text_route,text_route
storyweaver-20929,storyweaver-original-1207,storyweaver,illustration_independence,2,4,3,3,dinov2_visual_layout_ordinal,available
storyweaver-20929,storyweaver-original-1207,storyweaver,pinyin_annotation_reduction,6,6,6,6,pinyin_support_ordinal,available
storyweaver-20929,storyweaver-original-1207,storyweaver,layout_density,5,4,2,4,original_ra_scope_fallback,specialist_abstained
storyweaver-20957,storyweaver-original-11949,storyweaver,character_demand,2,2,2,2,original_ra_scope_text_route,text_route
storyweaver-20957,storyweaver-original-11949,storyweaver,vocabulary_demand,2,2,2,2,original_ra_scope_text_route,text_route
storyweaver-20957,storyweaver-original-11949,storyweaver,grammar_sentence_demand,2,2,2,2,original_ra_scope_text_route,text_route
storyweaver-20957,storyweaver-original-11949,storyweaver,discourse_demand,2,1,1,1,original_ra_scope_text_route,text_route
storyweaver-20957,storyweaver-original-11949,storyweaver,semantic_content_demand,2,3,3,3,original_ra_scope_text_route,text_route
storyweaver-20957,storyweaver-original-11949,storyweaver,character_plot_demand,2,3,3,3,original_ra_scope_text_route,text_route
storyweaver-20957,storyweaver-original-11949,storyweaver,genre_theme_demand,2,3,3,3,original_ra_scope_text_route,text_route
storyweaver-20957,storyweaver-original-11949,storyweaver,illustration_independence,3,3,4,4,dinov2_visual_layout_ordinal,available
storyweaver-20957,storyweaver-original-11949,storyweaver,pinyin_annotation_reduction,6,6,6,6,pinyin_support_ordinal,available
storyweaver-20957,storyweaver-original-11949,storyweaver,layout_density,3,3,2,3,original_ra_scope_fallback,specialist_abstained
storyweaver-21233,storyweaver-original-11166,storyweaver,character_demand,4,4,4,4,original_ra_scope_text_route,text_route
storyweaver-21233,storyweaver-original-11166,storyweaver,vocabulary_demand,2,4,4,4,original_ra_scope_text_route,text_route
storyweaver-21233,storyweaver-original-11166,storyweaver,grammar_sentence_demand,5,4,4,4,original_ra_scope_text_route,text_route
storyweaver-21233,storyweaver-original-11166,storyweaver,discourse_demand,4,4,4,4,original_ra_scope_text_route,text_route
storyweaver-21233,storyweaver-original-11166,storyweaver,semantic_content_demand,4,4,4,4,original_ra_scope_text_route,text_route
storyweaver-21233,storyweaver-original-11166,storyweaver,character_plot_demand,6,4,4,4,original_ra_scope_text_route,text_route
storyweaver-21233,storyweaver-original-11166,storyweaver,genre_theme_demand,3,4,4,4,original_ra_scope_text_route,text_route
storyweaver-21233,storyweaver-original-11166,storyweaver,illustration_independence,5,4,4,4,dinov2_visual_layout_ordinal,available
storyweaver-21233,storyweaver-original-11166,storyweaver,pinyin_annotation_reduction,6,6,6,6,pinyin_support_ordinal,available
storyweaver-21233,storyweaver-original-11166,storyweaver,layout_density,6,4,2,4,original_ra_scope_fallback,specialist_abstained
storyweaver-21473,storyweaver-original-1002,storyweaver,character_demand,2,4,4,4,original_ra_scope_text_route,text_route
storyweaver-21473,storyweaver-original-1002,storyweaver,vocabulary_demand,2,4,4,4,original_ra_scope_text_route,text_route
storyweaver-21473,storyweaver-original-1002,storyweaver,grammar_sentence_demand,6,4,4,4,original_ra_scope_text_route,text_route
storyweaver-21473,storyweaver-original-1002,storyweaver,discourse_demand,5,4,4,4,original_ra_scope_text_route,text_route
storyweaver-21473,storyweaver-original-1002,storyweaver,semantic_content_demand,3,4,4,4,original_ra_scope_text_route,text_route
storyweaver-21473,storyweaver-original-1002,storyweaver,character_plot_demand,5,3,3,3,original_ra_scope_text_route,text_route
storyweaver-21473,storyweaver-original-1002,storyweaver,genre_theme_demand,2,4,4,4,original_ra_scope_text_route,text_route
storyweaver-21473,storyweaver-original-1002,storyweaver,illustration_independence,2,4,4,4,dinov2_visual_layout_ordinal,available
storyweaver-21473,storyweaver-original-1002,storyweaver,pinyin_annotation_reduction,6,6,6,6,pinyin_support_ordinal,available
storyweaver-21473,storyweaver-original-1002,storyweaver,layout_density,6,4,4,4,original_ra_scope_fallback,specialist_abstained
storyweaver-21479,storyweaver-original-345,storyweaver,character_demand,2,3,3,3,original_ra_scope_text_route,text_route
storyweaver-21479,storyweaver-original-345,storyweaver,vocabulary_demand,2,3,3,3,original_ra_scope_text_route,text_route
storyweaver-21479,storyweaver-original-345,storyweaver,grammar_sentence_demand,5,3,3,3,original_ra_scope_text_route,text_route
storyweaver-21479,storyweaver-original-345,storyweaver,discourse_demand,3,3,3,3,original_ra_scope_text_route,text_route
storyweaver-21479,storyweaver-original-345,storyweaver,semantic_content_demand,3,3,3,3,original_ra_scope_text_route,text_route
storyweaver-21479,storyweaver-original-345,storyweaver,character_plot_demand,4,3,3,3,original_ra_scope_text_route,text_route
storyweaver-21479,storyweaver-original-345,storyweaver,genre_theme_demand,2,3,3,3,original_ra_scope_text_route,text_route
storyweaver-21479,storyweaver-original-345,storyweaver,illustration_independence,2,3,3,3,dinov2_visual_layout_ordinal,available
storyweaver-21479,storyweaver-original-345,storyweaver,pinyin_annotation_reduction,6,6,6,6,pinyin_support_ordinal,available
storyweaver-21479,storyweaver-original-345,storyweaver,layout_density,5,3,2,3,original_ra_scope_fallback,specialist_abstained
storyweaver-21482,storyweaver-original-16411,storyweaver,character_demand,1,2,2,2,original_ra_scope_text_route,text_route
storyweaver-21482,storyweaver-original-16411,storyweaver,vocabulary_demand,1,3,3,3,original_ra_scope_text_route,text_route
storyweaver-21482,storyweaver-original-16411,storyweaver,grammar_sentence_demand,4,3,3,3,original_ra_scope_text_route,text_route
storyweaver-21482,storyweaver-original-16411,storyweaver,discourse_demand,3,3,3,3,original_ra_scope_text_route,text_route
storyweaver-21482,storyweaver-original-16411,storyweaver,semantic_content_demand,3,3,3,3,original_ra_scope_text_route,text_route
storyweaver-21482,storyweaver-original-16411,storyweaver,character_plot_demand,3,3,3,3,original_ra_scope_text_route,text_route
storyweaver-21482,storyweaver-original-16411,storyweaver,genre_theme_demand,2,2,2,2,original_ra_scope_text_route,text_route
storyweaver-21482,storyweaver-original-16411,storyweaver,illustration_independence,2,2,4,4,dinov2_visual_layout_ordinal,available
storyweaver-21482,storyweaver-original-16411,storyweaver,pinyin_annotation_reduction,6,1,6,6,pinyin_support_ordinal,available
storyweaver-21482,storyweaver-original-16411,storyweaver,layout_density,3,3,4,3,original_ra_scope_fallback,specialist_abstained
storyweaver-21485,storyweaver-original-13963,storyweaver,character_demand,2,4,4,4,original_ra_scope_text_route,text_route
storyweaver-21485,storyweaver-original-13963,storyweaver,vocabulary_demand,2,4,4,4,original_ra_scope_text_route,text_route
storyweaver-21485,storyweaver-original-13963,storyweaver,grammar_sentence_demand,5,4,4,4,original_ra_scope_text_route,text_route
storyweaver-21485,storyweaver-original-13963,storyweaver,discourse_demand,4,4,4,4,original_ra_scope_text_route,text_route
storyweaver-21485,storyweaver-original-13963,storyweaver,semantic_content_demand,3,4,4,4,original_ra_scope_text_route,text_route
storyweaver-21485,storyweaver-original-13963,storyweaver,character_plot_demand,5,4,4,4,original_ra_scope_text_route,text_route
storyweaver-21485,storyweaver-original-13963,storyweaver,genre_theme_demand,3,4,4,4,original_ra_scope_text_route,text_route
storyweaver-21485,storyweaver-original-13963,storyweaver,illustration_independence,5,4,3,3,dinov2_visual_layout_ordinal,available
storyweaver-21485,storyweaver-original-13963,storyweaver,pinyin_annotation_reduction,6,6,6,6,pinyin_support_ordinal,available
storyweaver-21485,storyweaver-original-13963,storyweaver,layout_density,5,4,2,4,original_ra_scope_fallback,specialist_abstained
storyweaver-21486,storyweaver-original-943,storyweaver,character_demand,2,4,4,4,original_ra_scope_text_route,text_route
storyweaver-21486,storyweaver-original-943,storyweaver,vocabulary_demand,3,4,4,4,original_ra_scope_text_route,text_route
storyweaver-21486,storyweaver-original-943,storyweaver,grammar_sentence_demand,6,4,4,4,original_ra_scope_text_route,text_route
storyweaver-21486,storyweaver-original-943,storyweaver,discourse_demand,3,4,4,4,original_ra_scope_text_route,text_route
storyweaver-21486,storyweaver-original-943,storyweaver,semantic_content_demand,3,4,4,4,original_ra_scope_text_route,text_route
storyweaver-21486,storyweaver-original-943,storyweaver,character_plot_demand,3,3,3,3,original_ra_scope_text_route,text_route
storyweaver-21486,storyweaver-original-943,storyweaver,genre_theme_demand,2,4,4,4,original_ra_scope_text_route,text_route
storyweaver-21486,storyweaver-original-943,storyweaver,illustration_independence,2,4,3,3,dinov2_visual_layout_ordinal,available
storyweaver-21486,storyweaver-original-943,storyweaver,pinyin_annotation_reduction,6,6,6,6,pinyin_support_ordinal,available
storyweaver-21486,storyweaver-original-943,storyweaver,layout_density,5,4,2,4,original_ra_scope_fallback,specialist_abstained
storyweaver-21499,storyweaver-original-144,storyweaver,character_demand,1,3,3,3,original_ra_scope_text_route,text_route
storyweaver-21499,storyweaver-original-144,storyweaver,vocabulary_demand,2,3,3,3,original_ra_scope_text_route,text_route
storyweaver-21499,storyweaver-original-144,storyweaver,grammar_sentence_demand,3,3,3,3,original_ra_scope_text_route,text_route
storyweaver-21499,storyweaver-original-144,storyweaver,discourse_demand,3,3,3,3,original_ra_scope_text_route,text_route
storyweaver-21499,storyweaver-original-144,storyweaver,semantic_content_demand,3,3,3,3,original_ra_scope_text_route,text_route
storyweaver-21499,storyweaver-original-144,storyweaver,character_plot_demand,4,3,3,3,original_ra_scope_text_route,text_route
storyweaver-21499,storyweaver-original-144,storyweaver,genre_theme_demand,2,3,3,3,original_ra_scope_text_route,text_route
storyweaver-21499,storyweaver-original-144,storyweaver,illustration_independence,4,3,3,3,dinov2_visual_layout_ordinal,available
storyweaver-21499,storyweaver-original-144,storyweaver,pinyin_annotation_reduction,6,6,6,6,pinyin_support_ordinal,available
storyweaver-21499,storyweaver-original-144,storyweaver,layout_density,3,2,4,2,original_ra_scope_fallback,specialist_abstained
storyweaver-22268,storyweaver-original-1029,storyweaver,character_demand,2,2,2,2,original_ra_scope_text_route,text_route
storyweaver-22268,storyweaver-original-1029,storyweaver,vocabulary_demand,2,2,2,2,original_ra_scope_text_route,text_route
storyweaver-22268,storyweaver-original-1029,storyweaver,grammar_sentence_demand,2,1,1,1,original_ra_scope_text_route,text_route
storyweaver-22268,storyweaver-original-1029,storyweaver,discourse_demand,3,1,1,1,original_ra_scope_text_route,text_route
storyweaver-22268,storyweaver-original-1029,storyweaver,semantic_content_demand,2,2,2,2,original_ra_scope_text_route,text_route
storyweaver-22268,storyweaver-original-1029,storyweaver,character_plot_demand,3,3,3,3,original_ra_scope_text_route,text_route
storyweaver-22268,storyweaver-original-1029,storyweaver,genre_theme_demand,2,2,2,2,original_ra_scope_text_route,text_route
storyweaver-22268,storyweaver-original-1029,storyweaver,illustration_independence,2,2,3,3,dinov2_visual_layout_ordinal,available
storyweaver-22268,storyweaver-original-1029,storyweaver,pinyin_annotation_reduction,6,1,6,6,pinyin_support_ordinal,available
storyweaver-22268,storyweaver-original-1029,storyweaver,layout_density,3,2,2,2,original_ra_scope_fallback,specialist_abstained
storyweaver-234421,storyweaver-original-29919,storyweaver,character_demand,2,4,4,4,original_ra_scope_text_route,text_route
storyweaver-234421,storyweaver-original-29919,storyweaver,vocabulary_demand,2,4,4,4,original_ra_scope_text_route,text_route
storyweaver-234421,storyweaver-original-29919,storyweaver,grammar_sentence_demand,6,4,4,4,original_ra_scope_text_route,text_route
storyweaver-234421,storyweaver-original-29919,storyweaver,discourse_demand,4,4,4,4,original_ra_scope_text_route,text_route
storyweaver-234421,storyweaver-original-29919,storyweaver,semantic_content_demand,4,5,5,5,original_ra_scope_text_route,text_route
storyweaver-234421,storyweaver-original-29919,storyweaver,character_plot_demand,3,3,3,3,original_ra_scope_text_route,text_route
storyweaver-234421,storyweaver-original-29919,storyweaver,genre_theme_demand,3,5,5,5,original_ra_scope_text_route,text_route
storyweaver-234421,storyweaver-original-29919,storyweaver,illustration_independence,3,4,4,4,dinov2_visual_layout_ordinal,available
storyweaver-234421,storyweaver-original-29919,storyweaver,pinyin_annotation_reduction,6,6,6,6,pinyin_support_ordinal,available
storyweaver-234421,storyweaver-original-29919,storyweaver,layout_density,6,4,4,4,original_ra_scope_fallback,specialist_abstained
storyweaver-266338,storyweaver-original-24727,storyweaver,character_demand,4,4,4,4,original_ra_scope_text_route,text_route
storyweaver-266338,storyweaver-original-24727,storyweaver,vocabulary_demand,2,4,4,4,original_ra_scope_text_route,text_route
storyweaver-266338,storyweaver-original-24727,storyweaver,grammar_sentence_demand,6,4,4,4,original_ra_scope_text_route,text_route
storyweaver-266338,storyweaver-original-24727,storyweaver,discourse_demand,5,4,4,4,original_ra_scope_text_route,text_route
storyweaver-266338,storyweaver-original-24727,storyweaver,semantic_content_demand,5,4,4,4,original_ra_scope_text_route,text_route
storyweaver-266338,storyweaver-original-24727,storyweaver,character_plot_demand,6,3,3,3,original_ra_scope_text_route,text_route
storyweaver-266338,storyweaver-original-24727,storyweaver,genre_theme_demand,4,4,4,4,original_ra_scope_text_route,text_route
storyweaver-266338,storyweaver-original-24727,storyweaver,illustration_independence,3,4,4,4,dinov2_visual_layout_ordinal,available
storyweaver-266338,storyweaver-original-24727,storyweaver,pinyin_annotation_reduction,6,6,6,6,pinyin_support_ordinal,available
storyweaver-266338,storyweaver-original-24727,storyweaver,layout_density,6,4,4,4,original_ra_scope_fallback,specialist_abstained
storyweaver-266369,storyweaver-original-127711,storyweaver,character_demand,4,4,4,4,original_ra_scope_text_route,text_route
storyweaver-266369,storyweaver-original-127711,storyweaver,vocabulary_demand,4,4,4,4,original_ra_scope_text_route,text_route
storyweaver-266369,storyweaver-original-127711,storyweaver,grammar_sentence_demand,6,4,4,4,original_ra_scope_text_route,text_route
storyweaver-266369,storyweaver-original-127711,storyweaver,discourse_demand,5,4,4,4,original_ra_scope_text_route,text_route
storyweaver-266369,storyweaver-original-127711,storyweaver,semantic_content_demand,4,4,4,4,original_ra_scope_text_route,text_route
storyweaver-266369,storyweaver-original-127711,storyweaver,character_plot_demand,5,3,3,3,original_ra_scope_text_route,text_route
storyweaver-266369,storyweaver-original-127711,storyweaver,genre_theme_demand,4,5,5,5,original_ra_scope_text_route,text_route
storyweaver-266369,storyweaver-original-127711,storyweaver,illustration_independence,5,4,3,3,dinov2_visual_layout_ordinal,available
storyweaver-266369,storyweaver-original-127711,storyweaver,pinyin_annotation_reduction,6,6,6,6,pinyin_support_ordinal,available
storyweaver-266369,storyweaver-original-127711,storyweaver,layout_density,6,4,4,4,original_ra_scope_fallback,specialist_abstained
storyweaver-266388,storyweaver-original-62768,storyweaver,character_demand,2,4,4,4,original_ra_scope_text_route,text_route
storyweaver-266388,storyweaver-original-62768,storyweaver,vocabulary_demand,2,4,4,4,original_ra_scope_text_route,text_route
storyweaver-266388,storyweaver-original-62768,storyweaver,grammar_sentence_demand,6,4,4,4,original_ra_scope_text_route,text_route
storyweaver-266388,storyweaver-original-62768,storyweaver,discourse_demand,4,4,4,4,original_ra_scope_text_route,text_route
storyweaver-266388,storyweaver-original-62768,storyweaver,semantic_content_demand,5,4,4,4,original_ra_scope_text_route,text_route
storyweaver-266388,storyweaver-original-62768,storyweaver,character_plot_demand,6,3,3,3,original_ra_scope_text_route,text_route
storyweaver-266388,storyweaver-original-62768,storyweaver,genre_theme_demand,5,5,5,5,original_ra_scope_text_route,text_route
storyweaver-266388,storyweaver-original-62768,storyweaver,illustration_independence,5,4,4,4,dinov2_visual_layout_ordinal,available
storyweaver-266388,storyweaver-original-62768,storyweaver,pinyin_annotation_reduction,6,6,6,6,pinyin_support_ordinal,available
storyweaver-266388,storyweaver-original-62768,storyweaver,layout_density,6,4,4,4,original_ra_scope_fallback,specialist_abstained
storyweaver-266466,storyweaver-original-70193,storyweaver,character_demand,2,4,4,4,original_ra_scope_text_route,text_route
storyweaver-266466,storyweaver-original-70193,storyweaver,vocabulary_demand,2,4,4,4,original_ra_scope_text_route,text_route
storyweaver-266466,storyweaver-original-70193,storyweaver,grammar_sentence_demand,4,4,4,4,original_ra_scope_text_route,text_route
storyweaver-266466,storyweaver-original-70193,storyweaver,discourse_demand,5,4,4,4,original_ra_scope_text_route,text_route
storyweaver-266466,storyweaver-original-70193,storyweaver,semantic_content_demand,4,4,4,4,original_ra_scope_text_route,text_route
storyweaver-266466,storyweaver-original-70193,storyweaver,character_plot_demand,6,4,4,4,original_ra_scope_text_route,text_route
storyweaver-266466,storyweaver-original-70193,storyweaver,genre_theme_demand,4,5,5,5,original_ra_scope_text_route,text_route
storyweaver-266466,storyweaver-original-70193,storyweaver,illustration_independence,3,4,4,4,dinov2_visual_layout_ordinal,available
storyweaver-266466,storyweaver-original-70193,storyweaver,pinyin_annotation_reduction,6,6,6,6,pinyin_support_ordinal,available
storyweaver-266466,storyweaver-original-70193,storyweaver,layout_density,6,4,4,4,original_ra_scope_fallback,specialist_abstained
storyweaver-266479,storyweaver-original-103458,storyweaver,character_demand,4,4,4,4,original_ra_scope_text_route,text_route
storyweaver-266479,storyweaver-original-103458,storyweaver,vocabulary_demand,4,4,4,4,original_ra_scope_text_route,text_route
storyweaver-266479,storyweaver-original-103458,storyweaver,grammar_sentence_demand,5,4,4,4,original_ra_scope_text_route,text_route
storyweaver-266479,storyweaver-original-103458,storyweaver,discourse_demand,4,4,4,4,original_ra_scope_text_route,text_route
storyweaver-266479,storyweaver-original-103458,storyweaver,semantic_content_demand,4,4,4,4,original_ra_scope_text_route,text_route
storyweaver-266479,storyweaver-original-103458,storyweaver,character_plot_demand,6,3,3,3,original_ra_scope_text_route,text_route
storyweaver-266479,storyweaver-original-103458,storyweaver,genre_theme_demand,4,4,4,4,original_ra_scope_text_route,text_route
storyweaver-266479,storyweaver-original-103458,storyweaver,illustration_independence,5,4,4,4,dinov2_visual_layout_ordinal,available
storyweaver-266479,storyweaver-original-103458,storyweaver,pinyin_annotation_reduction,6,6,6,6,pinyin_support_ordinal,available
storyweaver-266479,storyweaver-original-103458,storyweaver,layout_density,5,4,3,4,original_ra_scope_fallback,specialist_abstained
storyweaver-267081,storyweaver-original-46999,storyweaver,character_demand,2,4,4,4,original_ra_scope_text_route,text_route
storyweaver-267081,storyweaver-original-46999,storyweaver,vocabulary_demand,2,4,4,4,original_ra_scope_text_route,text_route
storyweaver-267081,storyweaver-original-46999,storyweaver,grammar_sentence_demand,6,4,4,4,original_ra_scope_text_route,text_route
storyweaver-267081,storyweaver-original-46999,storyweaver,discourse_demand,4,4,4,4,original_ra_scope_text_route,text_route
storyweaver-267081,storyweaver-original-46999,storyweaver,semantic_content_demand,5,4,4,4,original_ra_scope_text_route,text_route
storyweaver-267081,storyweaver-original-46999,storyweaver,character_plot_demand,6,4,4,4,original_ra_scope_text_route,text_route
storyweaver-267081,storyweaver-original-46999,storyweaver,genre_theme_demand,3,5,5,5,original_ra_scope_text_route,text_route
storyweaver-267081,storyweaver-original-46999,storyweaver,illustration_independence,4,4,4,4,dinov2_visual_layout_ordinal,available
storyweaver-267081,storyweaver-original-46999,storyweaver,pinyin_annotation_reduction,5,6,6,6,pinyin_support_ordinal,available
storyweaver-267081,storyweaver-original-46999,storyweaver,layout_density,5,4,5,4,original_ra_scope_fallback,specialist_abstained
storyweaver-28189,storyweaver-original-1281,storyweaver,character_demand,2,2,2,2,original_ra_scope_text_route,text_route
storyweaver-28189,storyweaver-original-1281,storyweaver,vocabulary_demand,1,3,3,3,original_ra_scope_text_route,text_route
storyweaver-28189,storyweaver-original-1281,storyweaver,grammar_sentence_demand,6,2,2,2,original_ra_scope_text_route,text_route
storyweaver-28189,storyweaver-original-1281,storyweaver,discourse_demand,4,2,2,2,original_ra_scope_text_route,text_route
storyweaver-28189,storyweaver-original-1281,storyweaver,semantic_content_demand,2,3,3,3,original_ra_scope_text_route,text_route
storyweaver-28189,storyweaver-original-1281,storyweaver,character_plot_demand,3,3,3,3,original_ra_scope_text_route,text_route
storyweaver-28189,storyweaver-original-1281,storyweaver,genre_theme_demand,2,3,3,3,original_ra_scope_text_route,text_route
storyweaver-28189,storyweaver-original-1281,storyweaver,illustration_independence,4,2,2,2,dinov2_visual_layout_ordinal,available
storyweaver-28189,storyweaver-original-1281,storyweaver,pinyin_annotation_reduction,6,1,6,6,pinyin_support_ordinal,available
storyweaver-28189,storyweaver-original-1281,storyweaver,layout_density,5,3,4,3,original_ra_scope_fallback,specialist_abstained
storyweaver-329581,storyweaver-original-155793,storyweaver,character_demand,1,3,3,3,original_ra_scope_text_route,text_route
storyweaver-329581,storyweaver-original-155793,storyweaver,vocabulary_demand,2,4,4,4,original_ra_scope_text_route,text_route
storyweaver-329581,storyweaver-original-155793,storyweaver,grammar_sentence_demand,3,4,4,4,original_ra_scope_text_route,text_route
storyweaver-329581,storyweaver-original-155793,storyweaver,discourse_demand,3,4,4,4,original_ra_scope_text_route,text_route
storyweaver-329581,storyweaver-original-155793,storyweaver,semantic_content_demand,3,4,4,4,original_ra_scope_text_route,text_route
storyweaver-329581,storyweaver-original-155793,storyweaver,character_plot_demand,2,4,4,4,original_ra_scope_text_route,text_route
storyweaver-329581,storyweaver-original-155793,storyweaver,genre_theme_demand,2,5,5,5,original_ra_scope_text_route,text_route
storyweaver-329581,storyweaver-original-155793,storyweaver,illustration_independence,2,3,3,3,dinov2_visual_layout_ordinal,available
storyweaver-329581,storyweaver-original-155793,storyweaver,pinyin_annotation_reduction,6,1,6,6,pinyin_support_ordinal,available
storyweaver-329581,storyweaver-original-155793,storyweaver,layout_density,6,3,2,3,original_ra_scope_fallback,specialist_abstained
storyweaver-337553,storyweaver-original-28121,storyweaver,character_demand,2,3,3,3,original_ra_scope_text_route,text_route
storyweaver-337553,storyweaver-original-28121,storyweaver,vocabulary_demand,2,3,3,3,original_ra_scope_text_route,text_route
storyweaver-337553,storyweaver-original-28121,storyweaver,grammar_sentence_demand,2,3,3,3,original_ra_scope_text_route,text_route
storyweaver-337553,storyweaver-original-28121,storyweaver,discourse_demand,3,3,3,3,original_ra_scope_text_route,text_route
storyweaver-337553,storyweaver-original-28121,storyweaver,semantic_content_demand,3,3,3,3,original_ra_scope_text_route,text_route
storyweaver-337553,storyweaver-original-28121,storyweaver,character_plot_demand,4,3,3,3,original_ra_scope_text_route,text_route
storyweaver-337553,storyweaver-original-28121,storyweaver,genre_theme_demand,3,3,3,3,original_ra_scope_text_route,text_route
storyweaver-337553,storyweaver-original-28121,storyweaver,illustration_independence,1,3,2,2,dinov2_visual_layout_ordinal,available
storyweaver-337553,storyweaver-original-28121,storyweaver,pinyin_annotation_reduction,6,6,6,6,pinyin_support_ordinal,available
storyweaver-337553,storyweaver-original-28121,storyweaver,layout_density,3,3,4,3,original_ra_scope_fallback,specialist_abstained
storyweaver-39813,storyweaver-original-369,storyweaver,character_demand,1,2,2,2,original_ra_scope_text_route,text_route
storyweaver-39813,storyweaver-original-369,storyweaver,vocabulary_demand,1,3,3,3,original_ra_scope_text_route,text_route
storyweaver-39813,storyweaver-original-369,storyweaver,grammar_sentence_demand,3,2,2,2,original_ra_scope_text_route,text_route
storyweaver-39813,storyweaver-original-369,storyweaver,discourse_demand,3,3,3,3,original_ra_scope_text_route,text_route
storyweaver-39813,storyweaver-original-369,storyweaver,semantic_content_demand,2,3,3,3,original_ra_scope_text_route,text_route
storyweaver-39813,storyweaver-original-369,storyweaver,character_plot_demand,4,3,3,3,original_ra_scope_text_route,text_route
storyweaver-39813,storyweaver-original-369,storyweaver,genre_theme_demand,2,3,3,3,original_ra_scope_text_route,text_route
storyweaver-39813,storyweaver-original-369,storyweaver,illustration_independence,2,3,3,3,dinov2_visual_layout_ordinal,available
storyweaver-39813,storyweaver-original-369,storyweaver,pinyin_annotation_reduction,6,6,6,6,pinyin_support_ordinal,available
storyweaver-39813,storyweaver-original-369,storyweaver,layout_density,5,4,2,4,original_ra_scope_fallback,specialist_abstained
storyweaver-412162,storyweaver-original-26810,storyweaver,character_demand,2,4,4,4,original_ra_scope_text_route,text_route
storyweaver-412162,storyweaver-original-26810,storyweaver,vocabulary_demand,4,4,4,4,original_ra_scope_text_route,text_route
storyweaver-412162,storyweaver-original-26810,storyweaver,grammar_sentence_demand,6,4,4,4,original_ra_scope_text_route,text_route
storyweaver-412162,storyweaver-original-26810,storyweaver,discourse_demand,5,4,4,4,original_ra_scope_text_route,text_route
storyweaver-412162,storyweaver-original-26810,storyweaver,semantic_content_demand,3,4,4,4,original_ra_scope_text_route,text_route
storyweaver-412162,storyweaver-original-26810,storyweaver,character_plot_demand,6,4,4,4,original_ra_scope_text_route,text_route
storyweaver-412162,storyweaver-original-26810,storyweaver,genre_theme_demand,3,4,4,4,original_ra_scope_text_route,text_route
storyweaver-412162,storyweaver-original-26810,storyweaver,illustration_independence,3,4,4,4,dinov2_visual_layout_ordinal,available
storyweaver-412162,storyweaver-original-26810,storyweaver,pinyin_annotation_reduction,6,6,6,6,pinyin_support_ordinal,available
storyweaver-412162,storyweaver-original-26810,storyweaver,layout_density,6,4,4,4,original_ra_scope_fallback,specialist_abstained
storyweaver-412364,storyweaver-original-94562,storyweaver,character_demand,2,4,4,4,original_ra_scope_text_route,text_route
storyweaver-412364,storyweaver-original-94562,storyweaver,vocabulary_demand,3,4,4,4,original_ra_scope_text_route,text_route
storyweaver-412364,storyweaver-original-94562,storyweaver,grammar_sentence_demand,4,4,4,4,original_ra_scope_text_route,text_route
storyweaver-412364,storyweaver-original-94562,storyweaver,discourse_demand,3,4,4,4,original_ra_scope_text_route,text_route
storyweaver-412364,storyweaver-original-94562,storyweaver,semantic_content_demand,5,4,4,4,original_ra_scope_text_route,text_route
storyweaver-412364,storyweaver-original-94562,storyweaver,character_plot_demand,3,3,3,3,original_ra_scope_text_route,text_route
storyweaver-412364,storyweaver-original-94562,storyweaver,genre_theme_demand,3,4,4,4,original_ra_scope_text_route,text_route
storyweaver-412364,storyweaver-original-94562,storyweaver,illustration_independence,2,4,4,4,dinov2_visual_layout_ordinal,available
storyweaver-412364,storyweaver-original-94562,storyweaver,pinyin_annotation_reduction,6,6,6,6,pinyin_support_ordinal,available
storyweaver-412364,storyweaver-original-94562,storyweaver,layout_density,5,4,4,4,original_ra_scope_fallback,specialist_abstained
storyweaver-412394,storyweaver-original-86700,storyweaver,character_demand,3,3,3,3,original_ra_scope_text_route,text_route
storyweaver-412394,storyweaver-original-86700,storyweaver,vocabulary_demand,4,3,3,3,original_ra_scope_text_route,text_route
storyweaver-412394,storyweaver-original-86700,storyweaver,grammar_sentence_demand,4,3,3,3,original_ra_scope_text_route,text_route
storyweaver-412394,storyweaver-original-86700,storyweaver,discourse_demand,3,3,3,3,original_ra_scope_text_route,text_route
storyweaver-412394,storyweaver-original-86700,storyweaver,semantic_content_demand,3,3,3,3,original_ra_scope_text_route,text_route
storyweaver-412394,storyweaver-original-86700,storyweaver,character_plot_demand,1,2,2,2,original_ra_scope_text_route,text_route
storyweaver-412394,storyweaver-original-86700,storyweaver,genre_theme_demand,4,3,3,3,original_ra_scope_text_route,text_route
storyweaver-412394,storyweaver-original-86700,storyweaver,illustration_independence,3,3,3,3,dinov2_visual_layout_ordinal,available
storyweaver-412394,storyweaver-original-86700,storyweaver,pinyin_annotation_reduction,6,6,6,6,pinyin_support_ordinal,available
storyweaver-412394,storyweaver-original-86700,storyweaver,layout_density,3,3,2,3,original_ra_scope_fallback,specialist_abstained
storyweaver-412397,storyweaver-original-27658,storyweaver,character_demand,2,4,4,4,original_ra_scope_text_route,text_route
storyweaver-412397,storyweaver-original-27658,storyweaver,vocabulary_demand,2,4,4,4,original_ra_scope_text_route,text_route
storyweaver-412397,storyweaver-original-27658,storyweaver,grammar_sentence_demand,6,4,4,4,original_ra_scope_text_route,text_route
storyweaver-412397,storyweaver-original-27658,storyweaver,discourse_demand,4,4,4,4,original_ra_scope_text_route,text_route
storyweaver-412397,storyweaver-original-27658,storyweaver,semantic_content_demand,3,4,4,4,original_ra_scope_text_route,text_route
storyweaver-412397,storyweaver-original-27658,storyweaver,character_plot_demand,3,4,4,4,original_ra_scope_text_route,text_route
storyweaver-412397,storyweaver-original-27658,storyweaver,genre_theme_demand,4,5,5,5,original_ra_scope_text_route,text_route
storyweaver-412397,storyweaver-original-27658,storyweaver,illustration_independence,3,4,4,4,dinov2_visual_layout_ordinal,available
storyweaver-412397,storyweaver-original-27658,storyweaver,pinyin_annotation_reduction,6,6,6,6,pinyin_support_ordinal,available
storyweaver-412397,storyweaver-original-27658,storyweaver,layout_density,5,4,3,4,original_ra_scope_fallback,specialist_abstained
storyweaver-412711,storyweaver-original-28966,storyweaver,character_demand,2,4,4,4,original_ra_scope_text_route,text_route
storyweaver-412711,storyweaver-original-28966,storyweaver,vocabulary_demand,3,4,4,4,original_ra_scope_text_route,text_route
storyweaver-412711,storyweaver-original-28966,storyweaver,grammar_sentence_demand,5,4,4,4,original_ra_scope_text_route,text_route
storyweaver-412711,storyweaver-original-28966,storyweaver,discourse_demand,3,4,4,4,original_ra_scope_text_route,text_route
storyweaver-412711,storyweaver-original-28966,storyweaver,semantic_content_demand,3,4,4,4,original_ra_scope_text_route,text_route
storyweaver-412711,storyweaver-original-28966,storyweaver,character_plot_demand,2,3,3,3,original_ra_scope_text_route,text_route
storyweaver-412711,storyweaver-original-28966,storyweaver,genre_theme_demand,3,4,4,4,original_ra_scope_text_route,text_route
storyweaver-412711,storyweaver-original-28966,storyweaver,illustration_independence,2,4,2,2,dinov2_visual_layout_ordinal,available
storyweaver-412711,storyweaver-original-28966,storyweaver,pinyin_annotation_reduction,6,6,6,6,pinyin_support_ordinal,available
storyweaver-412711,storyweaver-original-28966,storyweaver,layout_density,3,4,2,4,original_ra_scope_fallback,specialist_abstained
storyweaver-450268,storyweaver-original-60744,storyweaver,character_demand,3,3,3,3,original_ra_scope_text_route,text_route
storyweaver-450268,storyweaver-original-60744,storyweaver,vocabulary_demand,3,3,3,3,original_ra_scope_text_route,text_route
storyweaver-450268,storyweaver-original-60744,storyweaver,grammar_sentence_demand,3,3,3,3,original_ra_scope_text_route,text_route
storyweaver-450268,storyweaver-original-60744,storyweaver,discourse_demand,3,3,3,3,original_ra_scope_text_route,text_route
storyweaver-450268,storyweaver-original-60744,storyweaver,semantic_content_demand,3,3,3,3,original_ra_scope_text_route,text_route
storyweaver-450268,storyweaver-original-60744,storyweaver,character_plot_demand,4,3,3,3,original_ra_scope_text_route,text_route
storyweaver-450268,storyweaver-original-60744,storyweaver,genre_theme_demand,3,3,3,3,original_ra_scope_text_route,text_route
storyweaver-450268,storyweaver-original-60744,storyweaver,illustration_independence,5,3,3,3,dinov2_visual_layout_ordinal,available
storyweaver-450268,storyweaver-original-60744,storyweaver,pinyin_annotation_reduction,6,6,6,6,pinyin_support_ordinal,available
storyweaver-450268,storyweaver-original-60744,storyweaver,layout_density,5,3,3,3,original_ra_scope_fallback,specialist_abstained
storyweaver-459241,storyweaver-original-34787,storyweaver,character_demand,2,4,4,4,original_ra_scope_text_route,text_route
storyweaver-459241,storyweaver-original-34787,storyweaver,vocabulary_demand,2,4,4,4,original_ra_scope_text_route,text_route
storyweaver-459241,storyweaver-original-34787,storyweaver,grammar_sentence_demand,5,4,4,4,original_ra_scope_text_route,text_route
storyweaver-459241,storyweaver-original-34787,storyweaver,discourse_demand,4,4,4,4,original_ra_scope_text_route,text_route
storyweaver-459241,storyweaver-original-34787,storyweaver,semantic_content_demand,3,4,4,4,original_ra_scope_text_route,text_route
storyweaver-459241,storyweaver-original-34787,storyweaver,character_plot_demand,5,4,4,4,original_ra_scope_text_route,text_route
storyweaver-459241,storyweaver-original-34787,storyweaver,genre_theme_demand,2,4,4,4,original_ra_scope_text_route,text_route
storyweaver-459241,storyweaver-original-34787,storyweaver,illustration_independence,2,4,4,4,dinov2_visual_layout_ordinal,available
storyweaver-459241,storyweaver-original-34787,storyweaver,pinyin_annotation_reduction,6,6,6,6,pinyin_support_ordinal,available
storyweaver-459241,storyweaver-original-34787,storyweaver,layout_density,6,4,2,4,original_ra_scope_fallback,specialist_abstained
storyweaver-577649,storyweaver-original-577649,storyweaver,character_demand,3,2,2,2,original_ra_scope_text_route,text_route
storyweaver-577649,storyweaver-original-577649,storyweaver,vocabulary_demand,3,1,1,1,original_ra_scope_text_route,text_route
storyweaver-577649,storyweaver-original-577649,storyweaver,grammar_sentence_demand,2,2,2,2,original_ra_scope_text_route,text_route
storyweaver-577649,storyweaver-original-577649,storyweaver,discourse_demand,2,1,1,1,original_ra_scope_text_route,text_route
storyweaver-577649,storyweaver-original-577649,storyweaver,semantic_content_demand,2,3,3,3,original_ra_scope_text_route,text_route
storyweaver-577649,storyweaver-original-577649,storyweaver,character_plot_demand,1,3,3,3,original_ra_scope_text_route,text_route
storyweaver-577649,storyweaver-original-577649,storyweaver,genre_theme_demand,2,2,2,2,original_ra_scope_text_route,text_route
storyweaver-577649,storyweaver-original-577649,storyweaver,illustration_independence,2,3,2,2,dinov2_visual_layout_ordinal,available
storyweaver-577649,storyweaver-original-577649,storyweaver,pinyin_annotation_reduction,6,6,6,6,pinyin_support_ordinal,available
storyweaver-577649,storyweaver-original-577649,storyweaver,layout_density,1,3,1,3,original_ra_scope_fallback,specialist_abstained
storyweaver-577904,storyweaver-original-577551,storyweaver,character_demand,1,2,2,2,original_ra_scope_text_route,text_route
storyweaver-577904,storyweaver-original-577551,storyweaver,vocabulary_demand,2,2,2,2,original_ra_scope_text_route,text_route
storyweaver-577904,storyweaver-original-577551,storyweaver,grammar_sentence_demand,3,2,2,2,original_ra_scope_text_route,text_route
storyweaver-577904,storyweaver-original-577551,storyweaver,discourse_demand,2,2,2,2,original_ra_scope_text_route,text_route
storyweaver-577904,storyweaver-original-577551,storyweaver,semantic_content_demand,1,2,2,2,original_ra_scope_text_route,text_route
storyweaver-577904,storyweaver-original-577551,storyweaver,character_plot_demand,1,3,3,3,original_ra_scope_text_route,text_route
storyweaver-577904,storyweaver-original-577551,storyweaver,genre_theme_demand,1,3,3,3,original_ra_scope_text_route,text_route
storyweaver-577904,storyweaver-original-577551,storyweaver,illustration_independence,3,2,2,2,dinov2_visual_layout_ordinal,available
storyweaver-577904,storyweaver-original-577551,storyweaver,pinyin_annotation_reduction,6,6,6,6,pinyin_support_ordinal,available
storyweaver-577904,storyweaver-original-577551,storyweaver,layout_density,2,3,1,3,original_ra_scope_fallback,specialist_abstained
storyweaver-577905,storyweaver-original-577558,storyweaver,character_demand,2,2,2,2,original_ra_scope_text_route,text_route
storyweaver-577905,storyweaver-original-577558,storyweaver,vocabulary_demand,2,3,3,3,original_ra_scope_text_route,text_route
storyweaver-577905,storyweaver-original-577558,storyweaver,grammar_sentence_demand,2,2,2,2,original_ra_scope_text_route,text_route
storyweaver-577905,storyweaver-original-577558,storyweaver,discourse_demand,2,1,1,1,original_ra_scope_text_route,text_route
storyweaver-577905,storyweaver-original-577558,storyweaver,semantic_content_demand,2,1,1,1,original_ra_scope_text_route,text_route
storyweaver-577905,storyweaver-original-577558,storyweaver,character_plot_demand,1,3,3,3,original_ra_scope_text_route,text_route
storyweaver-577905,storyweaver-original-577558,storyweaver,genre_theme_demand,2,2,2,2,original_ra_scope_text_route,text_route
storyweaver-577905,storyweaver-original-577558,storyweaver,illustration_independence,3,2,2,2,dinov2_visual_layout_ordinal,available
storyweaver-577905,storyweaver-original-577558,storyweaver,pinyin_annotation_reduction,6,6,6,6,pinyin_support_ordinal,available
storyweaver-577905,storyweaver-original-577558,storyweaver,layout_density,2,3,2,3,original_ra_scope_fallback,specialist_abstained
storyweaver-577907,storyweaver-original-577563,storyweaver,character_demand,1,3,3,3,original_ra_scope_text_route,text_route
storyweaver-577907,storyweaver-original-577563,storyweaver,vocabulary_demand,1,3,3,3,original_ra_scope_text_route,text_route
storyweaver-577907,storyweaver-original-577563,storyweaver,grammar_sentence_demand,1,2,2,2,original_ra_scope_text_route,text_route
storyweaver-577907,storyweaver-original-577563,storyweaver,discourse_demand,1,1,1,1,original_ra_scope_text_route,text_route
storyweaver-577907,storyweaver-original-577563,storyweaver,semantic_content_demand,1,1,1,1,original_ra_scope_text_route,text_route
storyweaver-577907,storyweaver-original-577563,storyweaver,character_plot_demand,1,3,3,3,original_ra_scope_text_route,text_route
storyweaver-577907,storyweaver-original-577563,storyweaver,genre_theme_demand,1,3,3,3,original_ra_scope_text_route,text_route
storyweaver-577907,storyweaver-original-577563,storyweaver,illustration_independence,2,3,2,2,dinov2_visual_layout_ordinal,available
storyweaver-577907,storyweaver-original-577563,storyweaver,pinyin_annotation_reduction,6,6,6,6,pinyin_support_ordinal,available
storyweaver-577907,storyweaver-original-577563,storyweaver,layout_density,1,3,1,3,original_ra_scope_fallback,specialist_abstained
storyweaver-589573,storyweaver-original-650,storyweaver,character_demand,2,4,4,4,original_ra_scope_text_route,text_route
storyweaver-589573,storyweaver-original-650,storyweaver,vocabulary_demand,2,4,4,4,original_ra_scope_text_route,text_route
storyweaver-589573,storyweaver-original-650,storyweaver,grammar_sentence_demand,6,4,4,4,original_ra_scope_text_route,text_route
storyweaver-589573,storyweaver-original-650,storyweaver,discourse_demand,4,4,4,4,original_ra_scope_text_route,text_route
storyweaver-589573,storyweaver-original-650,storyweaver,semantic_content_demand,4,4,4,4,original_ra_scope_text_route,text_route
storyweaver-589573,storyweaver-original-650,storyweaver,character_plot_demand,5,4,4,4,original_ra_scope_text_route,text_route
storyweaver-589573,storyweaver-original-650,storyweaver,genre_theme_demand,3,4,4,4,original_ra_scope_text_route,text_route
storyweaver-589573,storyweaver-original-650,storyweaver,illustration_independence,5,4,3,3,dinov2_visual_layout_ordinal,available
storyweaver-589573,storyweaver-original-650,storyweaver,pinyin_annotation_reduction,6,6,6,6,pinyin_support_ordinal,available
storyweaver-589573,storyweaver-original-650,storyweaver,layout_density,5,4,3,4,original_ra_scope_fallback,specialist_abstained
storyweaver-589577,storyweaver-original-89567,storyweaver,character_demand,2,4,4,4,original_ra_scope_text_route,text_route
storyweaver-589577,storyweaver-original-89567,storyweaver,vocabulary_demand,4,4,4,4,original_ra_scope_text_route,text_route
storyweaver-589577,storyweaver-original-89567,storyweaver,grammar_sentence_demand,4,4,4,4,original_ra_scope_text_route,text_route
storyweaver-589577,storyweaver-original-89567,storyweaver,discourse_demand,4,4,4,4,original_ra_scope_text_route,text_route
storyweaver-589577,storyweaver-original-89567,storyweaver,semantic_content_demand,4,4,4,4,original_ra_scope_text_route,text_route
storyweaver-589577,storyweaver-original-89567,storyweaver,character_plot_demand,4,3,3,3,original_ra_scope_text_route,text_route
storyweaver-589577,storyweaver-original-89567,storyweaver,genre_theme_demand,3,5,5,5,original_ra_scope_text_route,text_route
storyweaver-589577,storyweaver-original-89567,storyweaver,illustration_independence,5,4,3,3,dinov2_visual_layout_ordinal,available
storyweaver-589577,storyweaver-original-89567,storyweaver,pinyin_annotation_reduction,6,6,6,6,pinyin_support_ordinal,available
storyweaver-589577,storyweaver-original-89567,storyweaver,layout_density,4,4,3,4,original_ra_scope_fallback,specialist_abstained
storyweaver-638688,storyweaver-original-355071,storyweaver,character_demand,3,4,4,4,original_ra_scope_text_route,text_route
storyweaver-638688,storyweaver-original-355071,storyweaver,vocabulary_demand,3,4,4,4,original_ra_scope_text_route,text_route
storyweaver-638688,storyweaver-original-355071,storyweaver,grammar_sentence_demand,5,4,4,4,original_ra_scope_text_route,text_route
storyweaver-638688,storyweaver-original-355071,storyweaver,discourse_demand,3,4,4,4,original_ra_scope_text_route,text_route
storyweaver-638688,storyweaver-original-355071,storyweaver,semantic_content_demand,3,5,5,5,original_ra_scope_text_route,text_route
storyweaver-638688,storyweaver-original-355071,storyweaver,character_plot_demand,2,3,3,3,original_ra_scope_text_route,text_route
storyweaver-638688,storyweaver-original-355071,storyweaver,genre_theme_demand,3,4,4,4,original_ra_scope_text_route,text_route
storyweaver-638688,storyweaver-original-355071,storyweaver,illustration_independence,2,4,4,4,dinov2_visual_layout_ordinal,available
storyweaver-638688,storyweaver-original-355071,storyweaver,pinyin_annotation_reduction,6,6,6,6,pinyin_support_ordinal,available
storyweaver-638688,storyweaver-original-355071,storyweaver,layout_density,5,4,3,4,original_ra_scope_fallback,specialist_abstained
storyweaver-638705,storyweaver-original-28960,storyweaver,character_demand,4,4,4,4,original_ra_scope_text_route,text_route
storyweaver-638705,storyweaver-original-28960,storyweaver,vocabulary_demand,2,4,4,4,original_ra_scope_text_route,text_route
storyweaver-638705,storyweaver-original-28960,storyweaver,grammar_sentence_demand,6,4,4,4,original_ra_scope_text_route,text_route
storyweaver-638705,storyweaver-original-28960,storyweaver,discourse_demand,4,4,4,4,original_ra_scope_text_route,text_route
storyweaver-638705,storyweaver-original-28960,storyweaver,semantic_content_demand,3,5,5,5,original_ra_scope_text_route,text_route
storyweaver-638705,storyweaver-original-28960,storyweaver,character_plot_demand,5,4,4,4,original_ra_scope_text_route,text_route
storyweaver-638705,storyweaver-original-28960,storyweaver,genre_theme_demand,3,5,5,5,original_ra_scope_text_route,text_route
storyweaver-638705,storyweaver-original-28960,storyweaver,illustration_independence,5,4,4,4,dinov2_visual_layout_ordinal,available
storyweaver-638705,storyweaver-original-28960,storyweaver,pinyin_annotation_reduction,6,6,6,6,pinyin_support_ordinal,available
storyweaver-638705,storyweaver-original-28960,storyweaver,layout_density,6,4,2,4,original_ra_scope_fallback,specialist_abstained
storyweaver-659356,storyweaver-original-41319,storyweaver,character_demand,4,4,4,4,original_ra_scope_text_route,text_route
storyweaver-659356,storyweaver-original-41319,storyweaver,vocabulary_demand,4,4,4,4,original_ra_scope_text_route,text_route
storyweaver-659356,storyweaver-original-41319,storyweaver,grammar_sentence_demand,6,4,4,4,original_ra_scope_text_route,text_route
storyweaver-659356,storyweaver-original-41319,storyweaver,discourse_demand,5,4,4,4,original_ra_scope_text_route,text_route
storyweaver-659356,storyweaver-original-41319,storyweaver,semantic_content_demand,4,5,5,5,original_ra_scope_text_route,text_route
storyweaver-659356,storyweaver-original-41319,storyweaver,character_plot_demand,6,4,4,4,original_ra_scope_text_route,text_route
storyweaver-659356,storyweaver-original-41319,storyweaver,genre_theme_demand,4,5,5,5,original_ra_scope_text_route,text_route
storyweaver-659356,storyweaver-original-41319,storyweaver,illustration_independence,3,4,4,4,dinov2_visual_layout_ordinal,available
storyweaver-659356,storyweaver-original-41319,storyweaver,pinyin_annotation_reduction,6,6,6,6,pinyin_support_ordinal,available
storyweaver-659356,storyweaver-original-41319,storyweaver,layout_density,6,4,4,4,original_ra_scope_fallback,specialist_abstained
storyweaver-659375,storyweaver-original-36947,storyweaver,character_demand,2,3,3,3,original_ra_scope_text_route,text_route
storyweaver-659375,storyweaver-original-36947,storyweaver,vocabulary_demand,2,3,3,3,original_ra_scope_text_route,text_route
storyweaver-659375,storyweaver-original-36947,storyweaver,grammar_sentence_demand,3,3,3,3,original_ra_scope_text_route,text_route
storyweaver-659375,storyweaver-original-36947,storyweaver,discourse_demand,3,3,3,3,original_ra_scope_text_route,text_route
storyweaver-659375,storyweaver-original-36947,storyweaver,semantic_content_demand,3,3,3,3,original_ra_scope_text_route,text_route
storyweaver-659375,storyweaver-original-36947,storyweaver,character_plot_demand,3,3,3,3,original_ra_scope_text_route,text_route
storyweaver-659375,storyweaver-original-36947,storyweaver,genre_theme_demand,4,3,3,3,original_ra_scope_text_route,text_route
storyweaver-659375,storyweaver-original-36947,storyweaver,illustration_independence,3,3,2,2,dinov2_visual_layout_ordinal,available
storyweaver-659375,storyweaver-original-36947,storyweaver,pinyin_annotation_reduction,6,6,6,6,pinyin_support_ordinal,available
storyweaver-659375,storyweaver-original-36947,storyweaver,layout_density,2,3,1,3,original_ra_scope_fallback,specialist_abstained
storyweaver-659376,storyweaver-original-26576,storyweaver,character_demand,2,4,4,4,original_ra_scope_text_route,text_route
storyweaver-659376,storyweaver-original-26576,storyweaver,vocabulary_demand,2,4,4,4,original_ra_scope_text_route,text_route
storyweaver-659376,storyweaver-original-26576,storyweaver,grammar_sentence_demand,6,4,4,4,original_ra_scope_text_route,text_route
storyweaver-659376,storyweaver-original-26576,storyweaver,discourse_demand,4,4,4,4,original_ra_scope_text_route,text_route
storyweaver-659376,storyweaver-original-26576,storyweaver,semantic_content_demand,3,4,4,4,original_ra_scope_text_route,text_route
storyweaver-659376,storyweaver-original-26576,storyweaver,character_plot_demand,4,3,3,3,original_ra_scope_text_route,text_route
storyweaver-659376,storyweaver-original-26576,storyweaver,genre_theme_demand,3,3,3,3,original_ra_scope_text_route,text_route
storyweaver-659376,storyweaver-original-26576,storyweaver,illustration_independence,4,2,4,4,dinov2_visual_layout_ordinal,available
storyweaver-659376,storyweaver-original-26576,storyweaver,pinyin_annotation_reduction,6,6,6,6,pinyin_support_ordinal,available
storyweaver-659376,storyweaver-original-26576,storyweaver,layout_density,4,3,2,3,original_ra_scope_fallback,specialist_abstained
storyweaver-92448,storyweaver-original-31958,storyweaver,character_demand,1,4,4,4,original_ra_scope_text_route,text_route
storyweaver-92448,storyweaver-original-31958,storyweaver,vocabulary_demand,1,4,4,4,original_ra_scope_text_route,text_route
storyweaver-92448,storyweaver-original-31958,storyweaver,grammar_sentence_demand,4,4,4,4,original_ra_scope_text_route,text_route
storyweaver-92448,storyweaver-original-31958,storyweaver,discourse_demand,3,4,4,4,original_ra_scope_text_route,text_route
storyweaver-92448,storyweaver-original-31958,storyweaver,semantic_content_demand,2,4,4,4,original_ra_scope_text_route,text_route
storyweaver-92448,storyweaver-original-31958,storyweaver,character_plot_demand,2,3,3,3,original_ra_scope_text_route,text_route
storyweaver-92448,storyweaver-original-31958,storyweaver,genre_theme_demand,2,4,4,4,original_ra_scope_text_route,text_route
storyweaver-92448,storyweaver-original-31958,storyweaver,illustration_independence,3,4,3,3,dinov2_visual_layout_ordinal,available
storyweaver-92448,storyweaver-original-31958,storyweaver,pinyin_annotation_reduction,6,6,6,6,pinyin_support_ordinal,available
storyweaver-92448,storyweaver-original-31958,storyweaver,layout_density,5,4,3,4,original_ra_scope_fallback,specialist_abstained
storyweaver-93146,storyweaver-original-24620,storyweaver,character_demand,1,4,4,4,original_ra_scope_text_route,text_route
storyweaver-93146,storyweaver-original-24620,storyweaver,vocabulary_demand,1,4,4,4,original_ra_scope_text_route,text_route
storyweaver-93146,storyweaver-original-24620,storyweaver,grammar_sentence_demand,5,4,4,4,original_ra_scope_text_route,text_route
storyweaver-93146,storyweaver-original-24620,storyweaver,discourse_demand,4,4,4,4,original_ra_scope_text_route,text_route
storyweaver-93146,storyweaver-original-24620,storyweaver,semantic_content_demand,4,4,4,4,original_ra_scope_text_route,text_route
storyweaver-93146,storyweaver-original-24620,storyweaver,character_plot_demand,5,4,4,4,original_ra_scope_text_route,text_route
storyweaver-93146,storyweaver-original-24620,storyweaver,genre_theme_demand,2,4,4,4,original_ra_scope_text_route,text_route
storyweaver-93146,storyweaver-original-24620,storyweaver,illustration_independence,5,4,3,3,dinov2_visual_layout_ordinal,available
storyweaver-93146,storyweaver-original-24620,storyweaver,pinyin_annotation_reduction,6,6,6,6,pinyin_support_ordinal,available
storyweaver-93146,storyweaver-original-24620,storyweaver,layout_density,6,4,4,4,original_ra_scope_fallback,specialist_abstained
storyweaver-99706,storyweaver-original-25395,storyweaver,character_demand,2,4,4,4,original_ra_scope_text_route,text_route
storyweaver-99706,storyweaver-original-25395,storyweaver,vocabulary_demand,3,4,4,4,original_ra_scope_text_route,text_route
storyweaver-99706,storyweaver-original-25395,storyweaver,grammar_sentence_demand,4,4,4,4,original_ra_scope_text_route,text_route
storyweaver-99706,storyweaver-original-25395,storyweaver,discourse_demand,3,4,4,4,original_ra_scope_text_route,text_route
storyweaver-99706,storyweaver-original-25395,storyweaver,semantic_content_demand,3,4,4,4,original_ra_scope_text_route,text_route
storyweaver-99706,storyweaver-original-25395,storyweaver,character_plot_demand,3,3,3,3,original_ra_scope_text_route,text_route
storyweaver-99706,storyweaver-original-25395,storyweaver,genre_theme_demand,2,4,4,4,original_ra_scope_text_route,text_route
storyweaver-99706,storyweaver-original-25395,storyweaver,illustration_independence,4,4,3,3,dinov2_visual_layout_ordinal,available
storyweaver-99706,storyweaver-original-25395,storyweaver,pinyin_annotation_reduction,6,6,6,6,pinyin_support_ordinal,available
storyweaver-99706,storyweaver-original-25395,storyweaver,layout_density,3,4,3,4,original_ra_scope_fallback,specialist_abstained
storyweaver-99708,storyweaver-original-32292,storyweaver,character_demand,2,4,4,4,original_ra_scope_text_route,text_route
storyweaver-99708,storyweaver-original-32292,storyweaver,vocabulary_demand,2,4,4,4,original_ra_scope_text_route,text_route
storyweaver-99708,storyweaver-original-32292,storyweaver,grammar_sentence_demand,6,4,4,4,original_ra_scope_text_route,text_route
storyweaver-99708,storyweaver-original-32292,storyweaver,discourse_demand,3,4,4,4,original_ra_scope_text_route,text_route
storyweaver-99708,storyweaver-original-32292,storyweaver,semantic_content_demand,3,4,4,4,original_ra_scope_text_route,text_route
storyweaver-99708,storyweaver-original-32292,storyweaver,character_plot_demand,4,3,3,3,original_ra_scope_text_route,text_route
storyweaver-99708,storyweaver-original-32292,storyweaver,genre_theme_demand,3,4,4,4,original_ra_scope_text_route,text_route
storyweaver-99708,storyweaver-original-32292,storyweaver,illustration_independence,4,4,3,3,dinov2_visual_layout_ordinal,available
storyweaver-99708,storyweaver-original-32292,storyweaver,pinyin_annotation_reduction,6,6,6,6,pinyin_support_ordinal,available
storyweaver-99708,storyweaver-original-32292,storyweaver,layout_density,4,4,3,4,original_ra_scope_fallback,specialist_abstained
storyweaver-99709,storyweaver-original-32296,storyweaver,character_demand,2,4,4,4,original_ra_scope_text_route,text_route
storyweaver-99709,storyweaver-original-32296,storyweaver,vocabulary_demand,2,4,4,4,original_ra_scope_text_route,text_route
storyweaver-99709,storyweaver-original-32296,storyweaver,grammar_sentence_demand,5,4,4,4,original_ra_scope_text_route,text_route
storyweaver-99709,storyweaver-original-32296,storyweaver,discourse_demand,3,4,4,4,original_ra_scope_text_route,text_route
storyweaver-99709,storyweaver-original-32296,storyweaver,semantic_content_demand,2,4,4,4,original_ra_scope_text_route,text_route
storyweaver-99709,storyweaver-original-32296,storyweaver,character_plot_demand,3,4,4,4,original_ra_scope_text_route,text_route
storyweaver-99709,storyweaver-original-32296,storyweaver,genre_theme_demand,2,4,4,4,original_ra_scope_text_route,text_route
storyweaver-99709,storyweaver-original-32296,storyweaver,illustration_independence,2,4,3,3,dinov2_visual_layout_ordinal,available
storyweaver-99709,storyweaver-original-32296,storyweaver,pinyin_annotation_reduction,6,6,6,6,pinyin_support_ordinal,available
storyweaver-99709,storyweaver-original-32296,storyweaver,layout_density,5,4,4,4,original_ra_scope_fallback,specialist_abstained
storyweaver-99710,storyweaver-original-30522,storyweaver,character_demand,2,4,4,4,original_ra_scope_text_route,text_route
storyweaver-99710,storyweaver-original-30522,storyweaver,vocabulary_demand,2,4,4,4,original_ra_scope_text_route,text_route
storyweaver-99710,storyweaver-original-30522,storyweaver,grammar_sentence_demand,3,4,4,4,original_ra_scope_text_route,text_route
storyweaver-99710,storyweaver-original-30522,storyweaver,discourse_demand,4,4,4,4,original_ra_scope_text_route,text_route
storyweaver-99710,storyweaver-original-30522,storyweaver,semantic_content_demand,3,4,4,4,original_ra_scope_text_route,text_route
storyweaver-99710,storyweaver-original-30522,storyweaver,character_plot_demand,3,4,4,4,original_ra_scope_text_route,text_route
storyweaver-99710,storyweaver-original-30522,storyweaver,genre_theme_demand,3,4,4,4,original_ra_scope_text_route,text_route
storyweaver-99710,storyweaver-original-30522,storyweaver,illustration_independence,2,4,4,4,dinov2_visual_layout_ordinal,available
storyweaver-99710,storyweaver-original-30522,storyweaver,pinyin_annotation_reduction,6,6,6,6,pinyin_support_ordinal,available
storyweaver-99710,storyweaver-original-30522,storyweaver,layout_density,5,4,4,4,original_ra_scope_fallback,specialist_abstained
storyweaver-99711,storyweaver-original-25146,storyweaver,character_demand,3,4,4,4,original_ra_scope_text_route,text_route
storyweaver-99711,storyweaver-original-25146,storyweaver,vocabulary_demand,2,4,4,4,original_ra_scope_text_route,text_route
storyweaver-99711,storyweaver-original-25146,storyweaver,grammar_sentence_demand,5,4,4,4,original_ra_scope_text_route,text_route
storyweaver-99711,storyweaver-original-25146,storyweaver,discourse_demand,4,4,4,4,original_ra_scope_text_route,text_route
storyweaver-99711,storyweaver-original-25146,storyweaver,semantic_content_demand,3,4,4,4,original_ra_scope_text_route,text_route
storyweaver-99711,storyweaver-original-25146,storyweaver,character_plot_demand,5,3,3,3,original_ra_scope_text_route,text_route
storyweaver-99711,storyweaver-original-25146,storyweaver,genre_theme_demand,3,4,4,4,original_ra_scope_text_route,text_route
storyweaver-99711,storyweaver-original-25146,storyweaver,illustration_independence,5,4,4,4,dinov2_visual_layout_ordinal,available
storyweaver-99711,storyweaver-original-25146,storyweaver,pinyin_annotation_reduction,6,6,6,6,pinyin_support_ordinal,available
storyweaver-99711,storyweaver-original-25146,storyweaver,layout_density,6,4,3,4,original_ra_scope_fallback,specialist_abstained
storyweaver-99712,storyweaver-original-21618,storyweaver,character_demand,3,3,3,3,original_ra_scope_text_route,text_route
storyweaver-99712,storyweaver-original-21618,storyweaver,vocabulary_demand,4,3,3,3,original_ra_scope_text_route,text_route
storyweaver-99712,storyweaver-original-21618,storyweaver,grammar_sentence_demand,3,2,2,2,original_ra_scope_text_route,text_route
storyweaver-99712,storyweaver-original-21618,storyweaver,discourse_demand,2,2,2,2,original_ra_scope_text_route,text_route
storyweaver-99712,storyweaver-original-21618,storyweaver,semantic_content_demand,3,2,2,2,original_ra_scope_text_route,text_route
storyweaver-99712,storyweaver-original-21618,storyweaver,character_plot_demand,1,1,1,1,original_ra_scope_text_route,text_route
storyweaver-99712,storyweaver-original-21618,storyweaver,genre_theme_demand,3,3,3,3,original_ra_scope_text_route,text_route
storyweaver-99712,storyweaver-original-21618,storyweaver,illustration_independence,4,2,2,2,dinov2_visual_layout_ordinal,available
storyweaver-99712,storyweaver-original-21618,storyweaver,pinyin_annotation_reduction,6,1,6,6,pinyin_support_ordinal,available
storyweaver-99712,storyweaver-original-21618,storyweaver,layout_density,2,2,4,2,original_ra_scope_fallback,specialist_abstained
storyweaver-99713,storyweaver-original-21602,storyweaver,character_demand,2,3,3,3,original_ra_scope_text_route,text_route
storyweaver-99713,storyweaver-original-21602,storyweaver,vocabulary_demand,2,3,3,3,original_ra_scope_text_route,text_route
storyweaver-99713,storyweaver-original-21602,storyweaver,grammar_sentence_demand,2,1,1,1,original_ra_scope_text_route,text_route
storyweaver-99713,storyweaver-original-21602,storyweaver,discourse_demand,2,3,3,3,original_ra_scope_text_route,text_route
storyweaver-99713,storyweaver-original-21602,storyweaver,semantic_content_demand,2,2,2,2,original_ra_scope_text_route,text_route
storyweaver-99713,storyweaver-original-21602,storyweaver,character_plot_demand,2,3,3,3,original_ra_scope_text_route,text_route
storyweaver-99713,storyweaver-original-21602,storyweaver,genre_theme_demand,2,3,3,3,original_ra_scope_text_route,text_route
storyweaver-99713,storyweaver-original-21602,storyweaver,illustration_independence,2,3,2,2,dinov2_visual_layout_ordinal,available
storyweaver-99713,storyweaver-original-21602,storyweaver,pinyin_annotation_reduction,6,6,6,6,pinyin_support_ordinal,available
storyweaver-99713,storyweaver-original-21602,storyweaver,layout_density,2,3,2,3,original_ra_scope_fallback,specialist_abstained
storyweaver-99715,storyweaver-original-51690,storyweaver,character_demand,3,4,4,4,original_ra_scope_text_route,text_route
storyweaver-99715,storyweaver-original-51690,storyweaver,vocabulary_demand,4,4,4,4,original_ra_scope_text_route,text_route
storyweaver-99715,storyweaver-original-51690,storyweaver,grammar_sentence_demand,5,4,4,4,original_ra_scope_text_route,text_route
storyweaver-99715,storyweaver-original-51690,storyweaver,discourse_demand,4,4,4,4,original_ra_scope_text_route,text_route
storyweaver-99715,storyweaver-original-51690,storyweaver,semantic_content_demand,4,4,4,4,original_ra_scope_text_route,text_route
storyweaver-99715,storyweaver-original-51690,storyweaver,character_plot_demand,4,4,4,4,original_ra_scope_text_route,text_route
storyweaver-99715,storyweaver-original-51690,storyweaver,genre_theme_demand,4,5,5,5,original_ra_scope_text_route,text_route
storyweaver-99715,storyweaver-original-51690,storyweaver,illustration_independence,5,4,4,4,dinov2_visual_layout_ordinal,available
storyweaver-99715,storyweaver-original-51690,storyweaver,pinyin_annotation_reduction,6,6,6,6,pinyin_support_ordinal,available
storyweaver-99715,storyweaver-original-51690,storyweaver,layout_density,5,4,3,4,original_ra_scope_fallback,specialist_abstained
storyweaver-99717,storyweaver-original-49530,storyweaver,character_demand,2,3,3,3,original_ra_scope_text_route,text_route
storyweaver-99717,storyweaver-original-49530,storyweaver,vocabulary_demand,3,3,3,3,original_ra_scope_text_route,text_route
storyweaver-99717,storyweaver-original-49530,storyweaver,grammar_sentence_demand,4,3,3,3,original_ra_scope_text_route,text_route
storyweaver-99717,storyweaver-original-49530,storyweaver,discourse_demand,2,3,3,3,original_ra_scope_text_route,text_route
storyweaver-99717,storyweaver-original-49530,storyweaver,semantic_content_demand,3,3,3,3,original_ra_scope_text_route,text_route
storyweaver-99717,storyweaver-original-49530,storyweaver,character_plot_demand,1,2,2,2,original_ra_scope_text_route,text_route
storyweaver-99717,storyweaver-original-49530,storyweaver,genre_theme_demand,2,3,3,3,original_ra_scope_text_route,text_route
storyweaver-99717,storyweaver-original-49530,storyweaver,illustration_independence,2,3,2,2,dinov2_visual_layout_ordinal,available
storyweaver-99717,storyweaver-original-49530,storyweaver,pinyin_annotation_reduction,6,1,6,6,pinyin_support_ordinal,available
storyweaver-99717,storyweaver-original-49530,storyweaver,layout_density,2,2,2,2,original_ra_scope_fallback,specialist_abstained
storyweaver-99719,storyweaver-original-24828,storyweaver,character_demand,2,4,4,4,original_ra_scope_text_route,text_route
storyweaver-99719,storyweaver-original-24828,storyweaver,vocabulary_demand,2,4,4,4,original_ra_scope_text_route,text_route
storyweaver-99719,storyweaver-original-24828,storyweaver,grammar_sentence_demand,2,4,4,4,original_ra_scope_text_route,text_route
storyweaver-99719,storyweaver-original-24828,storyweaver,discourse_demand,3,4,4,4,original_ra_scope_text_route,text_route
storyweaver-99719,storyweaver-original-24828,storyweaver,semantic_content_demand,2,4,4,4,original_ra_scope_text_route,text_route
storyweaver-99719,storyweaver-original-24828,storyweaver,character_plot_demand,2,3,3,3,original_ra_scope_text_route,text_route
storyweaver-99719,storyweaver-original-24828,storyweaver,genre_theme_demand,2,4,4,4,original_ra_scope_text_route,text_route
storyweaver-99719,storyweaver-original-24828,storyweaver,illustration_independence,2,4,4,4,dinov2_visual_layout_ordinal,available
storyweaver-99719,storyweaver-original-24828,storyweaver,pinyin_annotation_reduction,6,6,6,6,pinyin_support_ordinal,available
storyweaver-99719,storyweaver-original-24828,storyweaver,layout_density,4,4,3,4,original_ra_scope_fallback,specialist_abstained
storyweaver-99720,storyweaver-original-31966,storyweaver,character_demand,2,4,4,4,original_ra_scope_text_route,text_route
storyweaver-99720,storyweaver-original-31966,storyweaver,vocabulary_demand,2,4,4,4,original_ra_scope_text_route,text_route
storyweaver-99720,storyweaver-original-31966,storyweaver,grammar_sentence_demand,5,4,4,4,original_ra_scope_text_route,text_route
storyweaver-99720,storyweaver-original-31966,storyweaver,discourse_demand,4,4,4,4,original_ra_scope_text_route,text_route
storyweaver-99720,storyweaver-original-31966,storyweaver,semantic_content_demand,3,4,4,4,original_ra_scope_text_route,text_route
storyweaver-99720,storyweaver-original-31966,storyweaver,character_plot_demand,5,3,3,3,original_ra_scope_text_route,text_route
storyweaver-99720,storyweaver-original-31966,storyweaver,genre_theme_demand,3,4,4,4,original_ra_scope_text_route,text_route
storyweaver-99720,storyweaver-original-31966,storyweaver,illustration_independence,3,4,4,4,dinov2_visual_layout_ordinal,available
storyweaver-99720,storyweaver-original-31966,storyweaver,pinyin_annotation_reduction,6,6,6,6,pinyin_support_ordinal,available
storyweaver-99720,storyweaver-original-31966,storyweaver,layout_density,5,4,3,4,original_ra_scope_fallback,specialist_abstained
storyweaver-99794,storyweaver-original-25932,storyweaver,character_demand,4,2,2,2,original_ra_scope_text_route,text_route
storyweaver-99794,storyweaver-original-25932,storyweaver,vocabulary_demand,4,3,3,3,original_ra_scope_text_route,text_route
storyweaver-99794,storyweaver-original-25932,storyweaver,grammar_sentence_demand,3,2,2,2,original_ra_scope_text_route,text_route
storyweaver-99794,storyweaver-original-25932,storyweaver,discourse_demand,4,1,1,1,original_ra_scope_text_route,text_route
storyweaver-99794,storyweaver-original-25932,storyweaver,semantic_content_demand,3,2,2,2,original_ra_scope_text_route,text_route
storyweaver-99794,storyweaver-original-25932,storyweaver,character_plot_demand,1,2,2,2,original_ra_scope_text_route,text_route
storyweaver-99794,storyweaver-original-25932,storyweaver,genre_theme_demand,3,3,3,3,original_ra_scope_text_route,text_route
storyweaver-99794,storyweaver-original-25932,storyweaver,illustration_independence,3,2,3,3,dinov2_visual_layout_ordinal,available
storyweaver-99794,storyweaver-original-25932,storyweaver,pinyin_annotation_reduction,6,6,6,6,pinyin_support_ordinal,available
storyweaver-99794,storyweaver-original-25932,storyweaver,layout_density,6,3,1,3,original_ra_scope_fallback,specialist_abstained
storyweaver-99798,storyweaver-original-54646,storyweaver,character_demand,2,4,4,4,original_ra_scope_text_route,text_route
storyweaver-99798,storyweaver-original-54646,storyweaver,vocabulary_demand,4,4,4,4,original_ra_scope_text_route,text_route
storyweaver-99798,storyweaver-original-54646,storyweaver,grammar_sentence_demand,6,4,4,4,original_ra_scope_text_route,text_route
storyweaver-99798,storyweaver-original-54646,storyweaver,discourse_demand,5,4,4,4,original_ra_scope_text_route,text_route
storyweaver-99798,storyweaver-original-54646,storyweaver,semantic_content_demand,4,4,4,4,original_ra_scope_text_route,text_route
storyweaver-99798,storyweaver-original-54646,storyweaver,character_plot_demand,6,4,4,4,original_ra_scope_text_route,text_route
storyweaver-99798,storyweaver-original-54646,storyweaver,genre_theme_demand,3,5,5,5,original_ra_scope_text_route,text_route
storyweaver-99798,storyweaver-original-54646,storyweaver,illustration_independence,5,4,4,4,dinov2_visual_layout_ordinal,available
storyweaver-99798,storyweaver-original-54646,storyweaver,pinyin_annotation_reduction,6,6,6,6,pinyin_support_ordinal,available
storyweaver-99798,storyweaver-original-54646,storyweaver,layout_density,6,4,3,4,original_ra_scope_fallback,specialist_abstained
